GP,W,L,W%,MIN,FGM,FGA,FG%,3PM,3PA,3P%,FTM,FTA,FT%,OREB,DREB,REB,AST,TOV,STL,BLK,BLKA,PF,PFD,PTS,+/-
82,56,26,68.3,49.7,34.3,76.9,44.6,8.0,22.4,36.0,18.2,23.8,76.3,12.5,28.7,41.1,19.0,15.0,8.5,5.2,4.0,18.4,0.1,94.8,5.4
82,15,67,18.3,50.1,37.4,85.0,44.0,5.7,16.2,35.1,20.1,26.8,75.0,13.3,26.7,40.0,21.9,16.4,9.9,3.8,6.8,21.7,0.1,100.6,-7.3
82,54,28,65.9,49.8,36.4,77.3,47.1,7.2,16.9,42.8,18.8,24.2,77.7,11.1,28.0,39.1,24.6,14.7,7.3,4.3,4.1,19.9,0.2,98.9,1.9
82,69,13,84.1,49.6,40.0,84.4,47.3,6.4,17.1,37.3,16.8,22.5,74.7,15.1,30.0,45.1,26.1,13.5,8.7,4.0,3.5,18.4,0.2,103.1,10.8
82,42,40,51.2,50.2,33.0,72.8,45.3,5.9,15.7,37.6,15.6,21.6,72.3,11.1,26.3,37.4,20.9,14.5,8.0,3.8,4.3,21.1,0.2,87.5,1.8
82,24,58,29.3,49.9,34.3,78.7,43.6,5.2,16.0,32.6,16.8,23.4,71.7,12.7,27.6,40.3,20.3,16.1,8.0,4.3,5.3,20.5,0.2,90.6,-6.4
82,21,61,25.6,50.2,35.8,81.5,43.9,7.8,20.9,37.2,18.5,24.3,76.1,12.1,29.9,42.0,23.0,16.6,6.1,5.9,5.5,20.4,0.2,97.8,-6.3
82,54,28,65.9,49.9,34.5,74.3,46.4,7.1,18.3,38.8,18.1,24.3,74.5,10.5,27.9,38.4,19.0,12.7,7.7,3.5,3.4,18.6,0.2,94.2,5.2
82,30,52,36.6,50.1,36.5,80.1,45.6,5.9,16.6,35.3,20.7,26.6,77.8,13.2,27.5,40.8,22.2,17.2,7.5,4.4,4.8,20.2,0.1,99.6,-4.7
82,57,25,69.5,49.9,37.0,79.1,46.8,8.2,22.4,36.5,18.3,24.3,75.5,11.3,31.3,42.6,24.5,16.6,8.4,4.2,4.5,18.4,0.2,100.6,4.5
82,39,43,47.6,50.4,34.8,76.3,45.6,5.2,13.8,38.1,20.6,28.5,72.2,12.5,29.1,41.7,21.3,16.3,7.1,4.8,5.1,22.1,0.3,95.4,1.0
82,36,46,43.9,50.3,36.5,81.7,44.6,5.8,16.3,35.4,18.5,25.3,73.1,13.3,27.3,40.7,20.3,16.0,8.9,5.4,5.1,22.7,0.1,97.2,-2.4
82,56,26,68.3,50.3,36.8,81.0,45.4,6.7,18.3,36.7,19.7,28.4,69.2,13.3,29.4,42.8,22.5,14.9,9.0,7.0,4.7,20.7,0.1,100.0,4.3
82,61,21,74.4,50.0,34.4,76.0,45.3,8.3,22.7,36.4,17.7,24.7,71.9,11.7,29.3,41.0,21.2,15.9,7.9,5.4,4.8,21.2,0.3,94.8,5.5
82,33,49,40.2,49.7,36.2,76.9,47.1,4.0,11.2,35.2,19.0,25.7,74.1,11.6,27.6,39.2,19.6,15.7,7.7,4.2,4.8,21.6,0.1,95.3,-1.9
82,40,42,48.8,49.8,35.8,78.5,45.6,4.5,13.3,34.0,20.0,26.6,75.1,11.7,28.1,39.7,22.9,15.2,7.5,6.8,5.4,20.7,0.2,96.1,-1.5
82,26,56,31.7,49.7,36.5,86.5,42.2,5.9,16.7,35.3,18.3,24.8,74.0,17.2,29.0,46.2,21.0,15.7,8.3,5.9,6.3,21.2,0.2,97.2,-4.6
82,57,25,69.5,50.3,35.1,75.9,46.3,5.7,15.8,36.3,19.3,25.8,74.8,11.9,30.7,42.5,22.1,17.8,7.7,4.6,3.6,22.7,0.2,95.4,3.1
82,45,37,54.9,49.9,34.6,79.2,43.7,6.9,20.3,34.1,18.0,24.1,74.6,13.1,27.1,40.1,20.6,15.2,8.5,4.4,5.1,19.1,0.1,94.1,-0.4
82,22,60,26.8,49.7,36.6,83.5,43.8,5.3,16.5,31.9,21.7,29.9,72.5,15.5,28.7,44.2,20.7,17.5,8.3,4.8,6.0,19.9,0.1,100.2,-6.5
82,40,42,48.8,49.9,38.3,81.8,46.9,6.4,17.4,36.9,19.7,25.9,76.1,11.2,29.0,40.1,25.2,14.4,8.1,3.9,4.5,19.9,0.1,102.8,0.7
82,49,33,59.8,50.1,36.6,78.8,46.4,6.1,17.1,35.8,19.7,27.6,71.3,12.9,30.4,43.3,20.8,16.5,7.8,5.3,5.2,21.5,0.2,99.0,4.2
82,34,48,41.5,50.0,36.6,80.6,45.4,5.0,12.9,39.1,18.2,25.2,72.3,13.4,28.1,41.5,21.9,16.2,7.2,4.4,5.2,22.8,0.1,96.4,-3.4
82,20,62,24.4,49.7,34.5,77.9,44.2,4.6,14.4,32.0,16.9,23.5,71.9,13.4,26.0,39.4,20.3,15.2,7.9,5.3,5.5,19.9,0.2,90.4,-7.9
82,57,25,69.5,49.9,36.5,78.2,46.7,6.8,19.3,35.3,21.0,28.0,75.2,12.3,27.7,40.0,23.5,15.0,11.0,4.7,5.2,20.7,0.2,100.9,7.7
82,30,52,36.6,49.9,35.3,80.9,43.7,7.2,19.8,36.3,17.6,24.5,72.0,13.8,27.5,41.3,20.9,16.4,8.8,6.3,5.4,22.0,0.1,95.5,-3.1
82,64,18,78.0,50.3,38.2,75.8,50.4,4.1,11.0,37.0,22.7,29.5,76.9,10.8,29.4,40.2,26.8,15.4,9.1,5.1,4.5,22.6,0.2,103.1,8.8
82,14,68,17.1,49.7,34.4,78.7,43.7,5.4,15.5,34.9,15.0,21.1,70.9,12.5,26.3,38.8,22.7,15.9,8.0,5.7,5.6,20.0,0.1,89.2,-10.2
82,44,38,53.7,50.0,39.1,81.4,48.0,4.0,12.2,33.1,17.1,24.1,70.7,12.3,29.5,41.8,23.4,15.7,8.7,4.9,4.1,20.7,0.2,99.4,1.6
82,50,32,61.0,48.5,35.2,77.5,45.5,4.1,12.4,33.2,21.3,28.2,75.6,13.5,29.5,43.0,19.1,14.8,7.9,6.0,4.5,20.4,0.2,95.9,3.5
82,36,46,43.9,48.1,36.7,84.6,43.4,5.1,15.2,33.2,17.4,24.0,72.6,14.6,24.9,39.5,22.1,16.2,12.0,4.5,5.0,26.8,0.2,95.9,-2.6
82,51,31,62.2,48.2,36.2,77.4,46.8,4.2,11.0,38.3,20.0,26.7,75.1,12.0,28.5,40.6,23.7,15.2,8.4,3.8,4.5,21.4,0.3,96.6,2.0
82,62,20,75.6,48.4,37.4,82.9,45.1,3.8,11.7,32.3,18.2,24.5,74.3,15.2,29.7,44.9,23.8,14.4,8.5,4.3,4.3,20.6,0.2,96.7,7.1
82,47,35,57.3,48.4,34.4,75.7,45.4,3.6,9.8,37.2,20.2,26.7,75.6,11.6,28.4,40.1,23.1,17.3,9.9,5.1,5.5,23.6,0.1,92.5,2.7
82,20,62,24.4,48.6,35.1,82.4,42.7,5.1,14.4,35.7,16.0,21.2,75.3,12.3,27.8,40.1,18.7,14.4,7.9,5.7,4.6,20.0,0.2,91.4,-6.1
82,11,71,13.4,48.1,32.6,78.2,41.8,3.5,10.9,32.3,20.2,26.2,77.2,12.7,26.3,39.0,18.9,16.0,8.1,4.8,6.5,23.6,0.2,89.0,-11.8
82,37,45,45.1,48.7,34.9,77.7,44.9,3.6,11.4,31.2,20.8,27.9,74.5,12.7,28.5,41.2,19.5,14.6,8.3,4.2,4.7,21.9,0.2,94.2,1.6
82,19,63,23.2,48.4,34.7,83.9,41.3,2.3,8.5,27.2,16.6,23.3,71.0,15.7,30.2,45.9,20.8,16.7,7.6,5.5,5.8,22.7,0.1,88.3,-9.1
82,41,41,50.0,48.4,35.9,79.4,45.2,7.0,20.4,34.3,19.9,25.9,77.1,12.0,28.7,40.7,21.9,15.8,8.4,3.6,4.5,20.2,0.2,98.8,-0.8
82,58,24,70.7,48.4,35.6,75.9,46.9,4.9,12.5,39.0,19.9,26.0,76.4,10.7,28.6,39.3,23.0,14.2,7.9,4.5,4.5,22.7,0.1,96.0,6.1
82,17,65,20.7,48.2,35.7,81.6,43.8,6.4,17.9,35.8,18.0,25.0,72.3,12.7,27.8,40.4,18.7,16.1,7.6,5.6,5.0,22.3,0.1,95.9,-7.4
82,61,21,74.4,48.4,38.4,79.7,48.1,6.1,17.3,35.1,22.7,33.4,67.9,13.2,30.1,43.3,24.5,15.3,9.0,6.8,5.2,22.7,0.1,105.5,7.7
82,55,27,67.1,48.2,34.8,77.2,45.0,6.7,18.8,35.5,18.8,25.4,73.9,12.5,29.5,42.0,21.4,15.0,8.1,5.2,4.5,24.2,0.2,95.0,4.9
82,36,46,43.9,48.6,35.6,78.0,45.6,3.0,8.6,35.4,20.3,26.4,76.7,12.6,27.3,39.9,20.1,16.9,8.9,4.4,4.9,23.4,0.2,94.5,-1.9
82,45,37,54.9,48.7,38.5,83.5,46.1,3.7,10.6,34.7,20.4,27.5,74.3,13.0,29.6,42.6,25.2,13.9,7.8,5.2,5.0,22.9,0.3,101.1,0.7
82,43,39,52.4,48.5,37.3,84.5,44.1,3.8,11.4,33.1,21.3,28.7,74.4,16.4,26.1,42.5,20.5,14.4,9.5,3.8,6.3,23.4,0.3,99.6,1.6
82,43,39,52.4,48.4,34.9,78.1,44.7,4.7,13.9,33.5,17.1,22.1,77.2,11.9,29.7,41.6,21.8,15.2,7.7,3.4,3.8,23.7,0.3,91.5,2.5
82,41,41,50.0,48.4,33.8,78.7,42.9,3.6,11.1,32.3,18.9,26.1,72.6,14.4,26.9,41.2,20.7,15.3,7.9,5.4,4.7,19.7,0.2,90.1,-1.1
82,31,51,37.8,48.2,34.6,78.1,44.3,3.0,9.9,30.0,21.1,28.7,73.7,13.7,28.0,41.7,21.1,16.5,8.9,6.0,6.2,22.9,0.1,93.3,-2.4
82,56,26,68.3,48.7,38.3,81.8,46.8,5.3,14.8,35.6,17.8,23.8,74.9,12.1,29.9,42.0,25.9,15.1,9.2,5.2,3.9,21.5,0.2,99.6,5.2
82,46,36,56.1,48.4,35.2,78.0,45.1,4.0,12.8,30.9,20.0,27.1,73.7,13.2,30.8,44.0,21.5,16.9,7.1,5.7,5.4,22.7,0.2,94.3,1.4
82,27,55,32.9,48.1,36.1,81.5,44.2,3.5,9.8,35.1,17.6,25.6,68.7,13.3,28.1,41.4,22.4,15.5,7.3,5.1,5.7,22.1,0.0,93.1,-5.6
82,56,26,68.3,48.4,35.3,75.5,46.8,3.7,10.5,35.0,18.2,26.4,68.8,12.0,32.2,44.2,22.4,16.1,6.3,6.9,4.6,21.1,0.2,92.5,4.0
82,61,21,74.4,48.2,37.2,78.7,47.2,7.6,19.1,39.5,18.5,25.7,72.1,11.4,27.1,38.5,24.2,14.0,9.8,4.6,4.9,22.0,0.2,100.5,7.2
82,16,66,19.5,48.6,36.1,83.1,43.5,4.5,13.2,34.2,18.0,25.1,71.8,14.5,26.2,40.7,21.3,16.7,9.4,8.1,6.3,22.6,0.1,94.9,-9.3
82,62,20,75.6,48.2,36.5,74.5,49.0,3.0,8.2,37.2,24.9,32.2,77.3,11.7,29.3,41.1,25.2,15.4,7.9,5.0,5.2,23.9,0.3,101.0,6.5
82,19,63,23.2,48.4,36.7,80.1,45.8,4.0,11.0,36.2,19.3,26.2,73.9,13.2,28.2,41.4,23.9,17.1,7.5,4.3,6.6,22.1,0.2,96.6,-7.3
82,42,40,51.2,48.3,37.6,83.1,45.2,3.9,11.5,33.9,18.2,26.3,69.1,13.7,28.5,42.2,23.2,14.1,8.4,4.6,4.5,22.4,0.2,97.2,0.6
50,31,19,62.0,48.3,30.8,75.2,40.9,3.9,12.9,30.6,20.8,28.4,73.1,13.5,30.0,43.5,15.6,14.9,6.9,5.2,4.9,19.7,0.2,86.3,2.9
50,19,31,38.0,48.6,36.3,83.3,43.6,5.5,15.2,36.0,14.9,21.5,69.2,13.6,29.2,42.8,21.5,16.1,9.1,5.1,5.1,23.9,0.1,93.0,-1.9
50,26,24,52.0,48.6,33.4,74.4,44.9,5.4,14.7,36.5,20.7,27.7,74.7,9.6,29.9,39.5,22.2,15.9,8.9,4.9,4.6,22.0,0.1,92.9,-0.1
50,13,37,26.0,48.3,30.8,76.7,40.1,3.5,12.2,29.0,16.8,23.7,70.9,11.5,27.9,39.3,20.3,15.5,8.7,3.4,5.7,22.2,0.1,81.9,-9.5
50,22,28,44.0,48.2,31.2,71.2,43.9,3.6,10.7,34.1,20.3,27.1,74.9,9.4,26.3,35.8,21.9,15.7,9.0,4.1,5.6,24.2,0.1,86.4,-1.7
50,19,31,38.0,48.3,35.0,80.6,43.4,4.0,11.9,33.9,17.6,24.2,72.8,12.9,29.6,42.5,18.4,13.8,7.0,5.8,4.9,21.3,0.1,91.6,-2.4
50,14,36,28.0,48.1,33.6,79.8,42.1,6.0,18.4,32.8,20.2,26.5,76.2,12.9,27.8,40.8,19.4,14.8,7.5,5.5,5.5,22.9,0.1,93.5,-6.6
50,29,21,58.0,48.2,33.2,74.3,44.7,5.0,13.6,36.5,19.0,25.7,74.0,12.1,28.2,40.3,20.2,15.8,8.9,4.2,4.5,22.8,0.1,90.4,3.4
50,21,29,42.0,48.5,34.6,83.5,41.5,3.2,11.3,28.7,15.9,23.5,67.6,16.3,31.2,47.5,20.7,15.4,8.3,4.4,6.1,25.4,0.1,88.3,-2.5
50,31,19,62.0,48.3,35.1,76.0,46.2,6.7,18.3,36.8,17.3,23.7,72.9,10.7,30.8,41.5,21.2,16.2,7.7,5.2,4.9,19.2,0.1,94.2,2.3
50,33,17,66.0,48.4,34.6,77.3,44.8,5.9,16.0,36.8,19.5,24.6,79.6,11.5,29.0,40.5,20.1,13.0,6.3,4.5,4.8,21.6,0.2,94.7,3.7
50,9,41,18.0,48.5,34.2,80.1,42.7,4.3,13.4,32.0,17.7,24.5,72.1,13.3,25.9,39.2,16.4,15.9,8.5,4.7,5.8,24.5,0.1,90.4,-8.8
50,31,19,62.0,48.2,36.8,78.7,46.8,4.8,13.7,35.2,20.5,30.1,68.3,12.3,29.6,42.0,21.9,15.1,7.8,5.7,3.9,24.6,0.1,99.0,3.0
50,33,17,66.0,48.1,32.3,71.3,45.3,5.8,16.1,35.9,18.6,25.2,73.5,10.1,30.2,40.3,20.4,14.9,6.5,6.1,3.8,20.7,0.1,89.0,5.0
50,28,22,56.0,48.2,35.1,76.4,45.9,4.6,12.4,37.3,16.9,23.1,73.3,11.4,27.4,38.8,20.6,14.4,8.8,4.0,3.9,22.8,0.2,91.7,1.7
50,25,25,50.0,48.1,36.8,86.5,42.5,2.4,8.2,29.8,17.0,22.9,74.3,15.1,27.8,42.9,24.4,12.8,8.5,5.4,5.2,23.7,0.1,92.9,0.4
50,16,34,32.0,48.2,33.8,83.2,40.6,4.5,13.6,33.1,19.2,25.0,76.9,14.3,28.7,43.0,18.4,15.0,9.8,5.5,6.5,22.6,0.2,91.3,-3.8
50,27,23,54.0,48.4,32.2,74.1,43.5,4.2,11.8,35.3,17.8,24.4,73.2,11.0,30.2,41.2,19.3,16.1,7.9,5.2,4.3,22.8,0.2,86.4,1.0
50,33,17,66.0,48.2,33.7,78.9,42.8,4.5,13.5,33.0,17.5,25.0,70.0,13.8,28.9,42.7,21.3,16.4,9.9,4.3,4.8,18.7,0.1,89.5,2.6
50,28,22,56.0,48.6,33.1,77.7,42.6,2.0,7.4,26.4,21.5,29.7,72.2,14.6,28.6,43.1,18.7,16.4,10.8,5.4,5.3,23.0,0.1,89.7,2.1
50,27,23,54.0,48.2,35.9,80.1,44.9,5.2,14.0,37.2,18.5,24.3,76.0,12.0,28.4,40.3,25.0,13.6,8.9,4.0,4.1,20.4,0.1,95.6,2.3
50,35,15,70.0,48.7,34.9,79.1,44.2,4.9,13.5,36.4,20.0,27.0,74.3,12.9,31.4,44.3,21.5,15.4,8.2,5.8,4.9,22.5,0.2,94.8,6.4
50,27,23,54.0,48.8,38.4,86.1,44.5,5.8,18.9,30.8,17.7,25.9,68.3,14.1,31.5,45.6,22.6,16.8,8.9,4.6,4.4,20.3,0.2,100.2,-0.4
50,37,13,74.0,48.3,34.8,76.2,45.6,3.4,10.4,33.0,19.8,28.3,69.8,12.3,31.7,44.0,22.0,15.2,8.4,7.0,4.9,20.2,0.1,92.8,8.1
50,25,25,50.0,48.4,35.1,79.5,44.2,6.2,18.0,34.4,18.4,27.1,68.1,13.5,28.4,42.0,21.7,15.3,7.9,4.0,4.5,20.9,0.2,94.9,-1.1
50,23,27,46.0,48.3,33.2,78.8,42.1,4.5,13.2,34.1,20.2,26.6,76.0,14.2,28.9,43.2,20.7,16.0,8.8,6.4,5.2,22.8,0.2,91.1,-1.6
50,37,13,74.0,48.7,33.7,72.4,46.5,2.8,7.8,36.1,23.2,30.2,76.7,11.1,30.2,41.3,24.1,16.3,8.0,5.5,5.3,22.7,0.1,93.3,6.5
50,8,42,16.0,48.7,32.9,76.8,42.8,3.0,9.1,32.7,20.2,28.2,71.7,13.0,27.2,40.2,19.3,17.0,8.4,4.0,6.6,22.5,0.2,88.9,-8.7
50,18,32,36.0,48.2,35.4,79.4,44.5,3.6,11.6,30.9,16.9,24.0,70.5,11.9,28.1,40.0,21.3,14.7,7.9,3.9,4.2,23.0,0.1,91.2,-2.2
82,28,54,34.1,48.4,36.6,83.0,44.1,3.1,9.9,31.7,18.0,24.2,74.3,14.0,31.3,45.3,18.9,15.4,6.1,5.6,4.9,21.0,1.6,94.3,-5.4
82,35,47,42.7,48.1,37.2,83.9,44.4,5.1,15.4,33.1,19.8,26.5,74.5,13.5,29.5,43.0,21.2,15.4,9.7,3.5,5.8,27.1,2.3,99.3,-0.8
82,49,33,59.8,48.2,35.8,79.7,44.9,4.1,12.2,33.9,22.7,30.0,75.8,10.8,32.1,42.9,24.7,14.7,8.9,5.9,5.1,20.4,2.2,98.4,2.7
82,17,65,20.7,48.3,31.3,75.4,41.5,4.1,12.6,32.9,18.1,25.5,70.9,12.6,28.3,40.9,20.0,19.0,7.9,4.7,5.6,23.3,2.6,84.8,-9.4
82,32,50,39.0,48.4,36.3,82.1,44.2,4.2,11.2,37.3,20.2,26.9,75.0,12.3,30.5,42.8,23.7,17.4,8.7,4.4,6.1,27.1,3.0,97.0,-3.5
82,40,42,48.8,48.1,39.0,85.9,45.3,6.3,16.2,39.1,17.2,21.4,80.4,11.4,29.8,41.2,22.1,13.7,7.2,5.1,5.1,21.6,3.8,101.4,-0.6
82,35,47,42.7,48.4,37.3,84.3,44.2,5.7,17.0,33.6,18.7,25.8,72.4,13.1,31.6,44.7,23.3,15.6,6.8,7.5,5.6,23.9,2.5,99.0,-2.1
82,42,40,51.2,48.4,37.1,80.9,45.9,5.4,14.9,35.9,23.9,30.6,78.1,11.2,30.0,41.2,20.8,15.7,8.1,3.3,4.8,24.5,3.5,103.5,1.4
82,19,63,23.2,48.2,36.5,87.1,42.0,4.2,13.0,32.3,18.3,26.2,69.7,15.9,29.7,45.6,22.6,15.9,8.9,4.3,6.0,24.9,2.0,95.5,-8.3
82,34,48,41.5,48.4,36.6,81.3,45.0,7.1,19.8,35.8,19.2,26.2,73.3,12.3,31.5,43.8,21.6,17.4,7.5,5.3,5.3,20.3,1.8,99.5,-0.9
82,56,26,68.3,48.1,37.2,81.0,45.9,7.1,18.1,39.2,19.9,24.5,81.1,10.3,31.9,42.1,22.6,14.1,6.8,5.1,3.9,21.8,2.3,101.3,4.6
82,15,67,18.3,48.1,35.1,82.4,42.6,5.2,15.5,33.9,16.6,22.3,74.6,11.6,29.0,40.6,18.0,16.2,7.0,6.0,4.6,22.2,2.0,92.0,-11.5
82,67,15,81.7,48.3,38.3,83.4,45.9,4.2,12.8,32.9,20.1,28.9,69.6,13.6,33.4,47.0,23.4,13.9,7.5,6.5,4.2,22.5,2.5,100.8,8.5
82,52,30,63.4,48.4,36.3,78.8,46.0,5.4,14.7,37.1,16.4,22.3,73.6,11.2,31.9,43.2,23.5,15.0,7.1,6.4,4.4,23.7,2.1,94.4,3.1
82,42,40,51.2,48.4,38.7,83.3,46.5,4.8,13.0,36.9,19.0,24.2,78.6,12.4,28.9,41.3,22.6,15.0,8.2,4.6,4.1,24.6,2.2,101.2,0.2
82,50,32,61.0,48.5,39.3,84.3,46.7,3.0,8.7,34.6,16.8,21.6,78.0,12.4,30.1,42.5,26.9,13.9,7.6,5.4,4.2,23.3,2.3,98.5,2.5
82,31,51,37.8,48.4,36.3,83.9,43.3,5.8,16.8,34.7,19.5,24.9,78.4,12.7,28.2,40.9,20.6,13.6,8.8,4.8,5.7,23.3,2.4,98.0,-1.0
82,50,32,61.0,48.4,35.3,77.7,45.5,4.3,11.4,37.5,17.2,22.0,78.1,9.8,30.7,40.5,19.4,14.6,6.3,4.3,4.3,24.2,2.8,92.1,1.5
82,41,41,50.0,48.2,38.6,85.5,45.2,3.6,10.6,33.8,19.2,26.1,73.5,14.0,31.0,44.9,20.8,17.6,9.1,5.7,5.8,24.0,2.8,100.1,0.7
82,49,33,59.8,48.4,36.5,82.6,44.2,2.5,7.8,32.3,19.2,27.1,70.8,14.0,30.1,44.1,22.2,15.7,9.6,4.7,6.5,23.6,2.5,94.8,1.3
82,53,29,64.6,48.3,37.7,82.6,45.7,5.6,15.2,36.8,17.9,23.6,75.9,12.5,31.2,43.7,25.6,16.7,9.1,5.3,5.2,24.1,2.7,98.9,5.2
82,59,23,72.0,48.2,36.8,78.4,47.0,5.0,13.8,36.1,18.8,24.7,76.0,11.8,31.2,43.0,23.5,15.2,7.7,4.8,4.3,22.7,1.7,97.5,6.4
82,44,38,53.7,48.3,40.0,88.9,45.0,6.5,20.2,32.2,18.5,24.6,75.4,12.9,32.1,45.0,23.8,16.2,9.6,4.6,4.9,21.1,2.6,105.0,2.9
82,53,29,64.6,48.4,36.0,78.0,46.2,4.0,10.8,37.4,20.1,27.0,74.6,11.3,32.5,43.8,22.2,15.0,7.5,6.7,5.2,20.9,2.0,96.2,5.9
82,45,37,54.9,48.2,37.9,84.7,44.7,6.7,19.6,33.9,16.6,23.9,69.5,12.7,30.3,43.0,22.9,14.0,8.0,4.2,5.3,21.7,2.2,99.1,1.0
82,45,37,54.9,48.2,36.3,83.9,43.3,5.2,14.3,36.3,19.3,25.2,76.5,13.4,29.9,43.3,23.7,13.9,8.1,6.6,5.3,24.3,2.0,97.2,-0.2
82,55,27,67.1,48.2,36.1,77.8,46.4,4.0,10.4,38.5,20.3,26.2,77.3,11.4,29.6,41.0,24.9,14.9,7.7,5.4,5.0,24.5,2.8,96.5,4.5
82,22,60,26.8,48.4,35.3,78.5,44.9,4.0,11.0,36.1,19.4,25.1,77.4,12.3,28.3,40.6,20.7,16.8,7.4,4.2,6.3,22.9,2.4,93.9,-5.6
82,29,53,35.4,48.3,36.7,81.5,45.0,4.1,10.9,37.6,19.1,25.7,74.3,13.0,29.7,42.7,21.6,16.1,7.2,4.7,6.1,26.2,2.7,96.6,-3.3
82,25,57,30.5,48.1,35.1,81.3,43.1,4.1,11.4,35.7,16.8,22.1,75.9,12.5,30.4,42.9,19.0,16.7,7.7,4.7,6.3,22.7,0.0,91.0,-5.2
82,36,46,43.9,48.4,33.8,79.1,42.8,7.2,19.9,36.3,19.8,26.7,74.0,10.9,28.9,39.8,20.8,15.7,9.4,4.1,5.4,23.8,0.0,94.6,-2.1
82,46,36,56.1,48.5,34.1,79.3,43.1,4.1,12.0,34.6,19.5,26.2,74.5,12.6,31.8,44.4,23.2,14.4,8.1,5.5,4.6,21.4,0.0,91.9,2.1
82,15,67,18.3,48.4,33.2,78.2,42.4,4.0,11.6,34.6,17.2,23.3,73.9,11.3,27.6,38.9,22.1,15.8,8.2,4.6,5.2,23.2,0.0,87.6,-9.1
82,30,52,36.6,48.4,35.2,79.7,44.2,2.7,8.0,33.4,19.0,24.9,76.5,12.4,29.8,42.1,20.8,16.5,7.8,5.3,6.6,23.2,0.0,92.2,-4.2
82,53,29,64.6,48.3,37.6,81.9,45.9,6.3,16.5,38.1,18.9,23.8,79.4,10.1,31.4,41.5,21.2,13.9,7.5,6.0,4.6,23.3,0.0,100.5,4.3
82,40,42,48.8,48.2,36.3,83.9,43.3,6.2,17.6,35.5,17.6,23.9,73.7,12.7,31.5,44.2,24.0,13.9,6.7,6.6,6.1,22.2,0.0,96.5,-2.5
82,32,50,39.0,48.4,35.6,83.9,42.4,4.7,13.6,35.0,19.6,27.2,72.1,13.5,32.0,45.5,19.9,15.9,7.5,5.5,4.8,23.8,0.0,95.6,-1.7
82,17,65,20.7,48.2,35.8,87.5,40.9,3.4,11.8,29.3,17.4,24.7,70.6,16.4,29.1,45.5,21.8,15.9,9.0,5.0,6.0,21.1,0.0,92.5,-9.0
82,45,37,54.9,48.4,35.9,79.2,45.3,6.1,17.2,35.7,19.3,25.4,75.8,11.2,30.8,42.0,19.7,14.7,7.2,4.4,4.9,20.2,0.0,97.2,2.3
82,41,41,50.0,48.7,34.5,78.4,44.0,4.8,14.1,34.2,18.8,24.5,76.6,11.2,31.6,42.9,21.5,15.2,6.9,5.9,4.7,23.5,0.0,92.6,-0.2
82,31,51,37.8,48.9,35.3,78.9,44.8,4.4,13.0,33.9,17.4,25.1,69.3,11.7,31.2,42.9,19.3,15.8,6.0,6.3,5.0,21.6,0.0,92.5,-2.9
82,56,26,68.3,48.5,37.9,81.5,46.5,5.4,15.5,34.4,19.4,28.5,68.3,13.2,31.5,44.7,23.0,14.4,6.9,6.0,4.0,22.8,0.0,100.6,3.4
82,50,32,61.0,48.5,32.9,76.3,43.0,5.8,16.9,34.5,17.4,22.9,75.9,9.9,29.7,39.6,19.9,13.7,7.7,3.7,5.2,21.0,0.0,88.9,2.3
82,52,30,63.4,48.2,38.0,82.9,45.8,6.9,18.1,37.9,18.0,22.9,78.7,11.9,30.5,42.4,22.5,13.7,8.2,4.7,4.3,23.5,0.0,100.7,3.9
82,47,35,57.3,48.4,38.4,83.8,45.8,3.9,11.0,35.7,16.6,21.2,78.5,12.2,30.1,42.3,25.4,13.9,8.3,5.6,4.4,23.2,0.0,97.3,1.4
82,26,56,31.7,48.1,33.9,79.9,42.5,4.4,13.2,33.3,19.9,26.2,75.9,11.1,28.5,39.6,19.5,14.7,7.9,5.0,6.4,24.2,0.0,92.1,-5.0
82,48,34,58.5,48.5,33.6,75.6,44.4,4.8,13.6,35.1,16.8,21.1,79.6,9.4,30.8,40.2,18.5,14.5,6.6,4.2,4.1,22.7,0.0,88.7,2.6
82,43,39,52.4,48.7,36.7,83.8,43.8,6.0,16.4,36.4,18.0,25.2,71.4,13.0,29.9,42.9,22.0,15.2,8.2,5.9,5.4,25.3,0.0,97.5,1.0
82,56,26,68.3,48.4,35.4,79.1,44.7,3.2,9.8,32.6,20.7,27.8,74.5,13.1,31.7,44.8,20.6,15.8,8.4,5.0,5.6,20.4,0.0,94.7,4.3
82,51,31,62.2,48.3,35.9,82.4,43.6,4.0,12.9,31.5,18.2,24.1,75.5,11.8,30.8,42.7,23.2,15.3,9.5,5.2,5.1,22.7,0.0,94.0,2.2
82,50,32,61.0,48.2,36.6,78.3,46.8,4.5,12.9,34.9,17.6,23.2,76.2,11.7,30.3,42.0,23.9,15.3,8.2,5.1,4.0,21.3,0.0,95.4,4.2
82,55,27,67.1,49.0,38.2,85.0,44.9,5.8,16.5,35.4,19.5,25.3,77.1,12.0,33.0,45.0,22.6,14.9,9.7,5.3,5.8,19.5,0.0,101.7,5.8
82,58,24,70.7,48.4,35.2,76.4,46.1,5.4,13.3,40.7,20.4,28.5,71.5,11.0,33.1,44.1,21.7,14.0,6.9,7.0,5.2,18.9,0.0,96.2,7.8
82,44,38,53.7,48.3,36.9,81.1,45.6,5.7,14.3,39.9,17.7,24.2,73.2,12.2,29.5,41.7,21.9,15.3,8.0,5.0,6.2,21.1,0.0,97.3,0.0
82,47,35,57.3,48.7,37.2,85.0,43.7,5.2,14.2,36.9,18.1,24.2,74.7,13.6,30.8,44.5,24.4,13.2,7.3,6.3,5.4,21.3,0.0,97.6,2.3
82,53,29,64.6,48.2,36.1,76.7,47.1,4.0,10.4,38.1,20.9,27.8,75.2,11.5,29.1,40.6,25.7,15.8,8.1,5.6,5.5,25.7,0.0,97.1,4.7
82,23,59,28.0,48.2,35.0,79.7,43.9,4.0,11.5,34.3,17.8,23.1,77.0,10.9,29.6,40.5,23.2,15.7,7.1,4.4,5.8,21.1,0.0,91.7,-5.7
82,19,63,23.2,48.0,34.5,78.7,43.9,3.4,10.3,32.4,20.8,27.4,75.9,12.4,28.9,41.3,20.1,17.0,7.7,4.7,6.2,23.3,0.0,93.2,-6.7
82,33,49,40.2,48.2,35.4,80.6,43.9,5.2,14.6,35.4,18.1,23.7,76.5,11.6,29.8,41.5,20.2,15.5,8.1,4.3,6.2,20.8,0.1,94.0,-4.2
82,49,33,59.8,48.4,34.8,82.1,42.4,8.5,23.7,35.9,18.3,23.9,76.4,10.9,31.3,42.2,21.0,13.6,9.7,3.6,5.8,21.7,0.0,96.4,2.2
82,44,38,53.7,48.2,35.3,80.2,44.0,4.2,12.1,34.8,19.1,25.7,74.5,12.9,30.5,43.5,21.5,14.0,8.0,5.6,5.1,21.3,0.2,93.9,1.0
82,21,61,25.6,48.3,34.3,79.2,43.3,3.7,10.6,34.6,17.2,23.9,72.2,11.3,28.8,40.0,22.2,15.3,7.7,4.4,4.9,22.4,0.2,89.5,-8.5
82,29,53,35.4,48.4,36.0,80.3,44.8,4.7,12.5,37.7,18.6,24.1,77.2,11.8,30.3,42.1,23.1,14.6,7.0,5.7,5.6,21.4,0.1,95.3,-3.3
82,57,25,69.5,48.5,39.0,84.5,46.2,7.6,20.1,37.8,19.6,24.3,80.6,11.2,31.3,42.5,22.1,12.1,7.1,4.8,4.6,22.5,0.1,105.2,4.3
82,27,55,32.9,48.3,35.5,83.8,42.4,5.2,15.7,32.9,15.9,21.4,74.4,13.6,28.2,41.8,22.2,14.7,7.5,5.6,6.8,22.8,0.1,92.2,-5.8
82,50,32,61.0,48.0,34.7,76.8,45.2,6.9,18.4,37.6,18.0,23.8,75.6,9.9,28.9,38.7,21.5,14.5,7.9,6.9,4.1,20.7,0.1,94.3,2.1
82,21,61,25.6,48.2,36.6,85.2,42.9,3.9,12.1,32.2,20.6,28.6,72.2,16.3,30.4,46.7,20.8,16.8,7.9,6.4,6.3,23.0,0.2,97.7,-5.4
82,28,54,34.1,48.7,34.6,80.8,42.8,6.0,18.0,33.5,17.1,23.1,74.1,12.5,29.4,41.9,18.1,14.1,6.5,5.4,5.1,18.0,0.1,92.3,-4.9
82,42,40,51.2,48.5,35.8,80.2,44.6,4.9,14.6,33.9,20.3,26.3,77.2,11.3,31.3,42.7,23.0,15.2,8.0,5.3,5.7,22.9,0.2,96.8,0.3
82,39,43,47.6,48.3,36.2,81.3,44.5,5.0,14.0,35.6,18.3,24.7,73.9,13.2,30.2,43.4,20.9,14.8,6.2,6.6,5.4,19.8,0.1,95.7,-0.5
82,58,24,70.7,48.2,38.4,83.4,46.1,6.2,17.5,35.4,18.2,26.0,69.9,12.5,31.8,44.3,23.0,12.7,7.6,5.8,4.3,22.2,0.1,101.3,7.1
82,23,59,28.0,48.2,34.8,79.7,43.6,4.1,13.4,30.7,16.3,23.0,70.8,12.0,29.4,41.4,21.8,16.4,7.9,6.0,5.6,19.2,0.1,89.9,-7.4
82,36,46,43.9,48.6,34.2,77.8,43.9,3.8,11.0,34.7,15.1,20.8,72.4,11.0,31.0,42.0,20.3,14.8,6.7,5.5,4.3,22.5,0.2,87.2,-1.5
82,41,41,50.0,48.5,37.1,80.2,46.2,7.2,19.3,37.5,16.1,21.5,74.8,10.3,31.2,41.4,22.5,14.1,7.3,4.7,4.4,21.8,0.1,97.5,-0.2
82,50,32,61.0,48.3,38.7,84.0,46.1,4.8,12.8,37.8,17.1,21.4,79.8,12.9,31.2,44.2,24.3,13.4,6.4,5.2,5.0,21.2,0.1,99.3,3.4
82,52,30,63.4,48.4,37.1,83.1,44.6,4.9,14.6,33.8,17.1,23.3,73.5,12.7,30.7,43.3,24.3,14.5,8.7,6.0,5.4,21.1,0.1,96.2,4.2
82,30,52,36.6,48.3,34.4,79.5,43.2,5.8,16.4,35.3,17.1,21.8,78.7,10.7,30.0,40.7,21.0,14.5,6.8,3.5,4.7,22.0,0.2,91.6,-4.0
82,44,38,53.7,48.4,37.6,84.0,44.8,7.6,20.2,37.3,17.6,23.4,75.4,11.5,29.7,41.2,22.0,13.6,8.1,4.7,4.7,20.7,0.1,100.5,1.6
82,43,39,52.4,48.1,34.2,78.5,43.6,2.6,8.7,29.9,20.0,25.7,77.9,13.3,30.9,44.2,20.0,15.3,8.6,4.4,5.6,20.0,0.2,91.0,1.6
82,36,46,43.9,48.4,37.8,84.6,44.7,4.4,13.4,32.7,15.2,19.9,76.7,13.1,29.6,42.7,22.4,14.7,8.1,4.9,5.8,21.8,0.1,95.1,-0.7
82,49,33,59.8,48.4,36.6,81.4,45.0,5.7,16.1,35.4,17.7,23.2,76.3,13.2,29.8,43.0,23.5,14.3,8.6,4.5,5.0,19.7,0.1,96.6,3.0
82,61,21,74.4,48.2,39.8,85.4,46.7,5.2,14.1,36.7,19.7,26.3,75.1,12.4,33.0,45.3,23.9,13.8,9.0,4.6,4.7,19.0,0.1,104.6,7.6
82,58,24,70.7,48.4,35.5,77.6,45.8,5.3,14.8,36.2,20.3,27.4,74.2,11.1,31.3,42.4,20.0,14.4,7.6,6.5,5.2,19.2,0.1,96.7,6.2
82,45,37,54.9,48.4,38.2,81.5,46.9,6.0,15.8,37.8,15.4,20.4,75.5,11.8,28.5,40.3,23.5,13.7,8.5,4.4,4.9,21.1,0.1,97.7,3.0
82,42,40,51.2,48.2,35.6,82.0,43.4,4.7,13.5,34.9,15.5,20.9,73.9,13.6,28.5,42.1,21.7,14.3,8.4,5.6,4.8,21.6,0.1,91.4,-0.4
82,44,38,53.7,48.4,35.0,77.7,45.0,3.4,10.3,33.3,22.6,29.6,76.3,13.5,28.6,42.2,24.4,16.5,9.1,6.4,6.7,24.0,0.1,96.0,0.9
82,37,45,45.1,48.1,35.8,81.3,44.1,3.7,9.6,38.8,17.4,22.8,76.5,12.9,29.2,42.0,20.9,13.0,7.0,4.3,5.0,21.5,0.1,92.8,-1.4
82,35,47,42.7,48.6,34.9,78.5,44.4,4.9,13.9,35.2,19.4,24.5,79.3,11.4,31.2,42.6,20.5,16.7,7.5,5.8,5.0,21.7,0.1,94.1,-3.6
82,44,38,53.7,48.4,32.9,79.4,41.5,8.8,26.3,33.4,18.0,24.3,74.2,10.4,30.1,40.5,19.2,14.0,8.8,3.7,4.5,21.4,0.0,92.7,-0.4
82,30,52,36.6,48.6,36.5,81.9,44.5,4.3,12.2,35.0,17.7,24.6,72.2,12.0,31.0,43.0,21.7,16.9,7.4,5.6,5.0,24.7,0.1,95.0,-5.1
82,17,65,20.7,48.4,34.8,82.3,42.2,3.6,10.9,32.7,18.3,24.5,74.7,13.6,31.0,44.6,20.9,18.3,7.8,6.4,6.0,22.7,0.1,91.4,-9.6
82,60,22,73.2,48.2,38.5,85.1,45.3,7.8,20.3,38.1,18.1,21.9,82.9,11.1,31.0,42.1,22.4,11.6,8.1,5.5,3.9,21.1,0.1,103.0,7.8
82,17,65,20.7,48.1,32.8,79.8,41.1,2.8,10.0,27.8,15.8,22.6,69.9,13.6,28.8,42.4,21.2,18.5,8.7,5.1,6.6,25.1,0.1,84.2,-8.3
82,50,32,61.0,48.5,32.9,76.5,43.0,6.5,18.1,35.8,19.0,24.6,77.1,10.8,29.8,40.6,19.8,13.5,6.8,5.7,4.3,21.3,0.2,91.4,3.7
82,38,44,46.3,48.2,37.3,84.6,44.1,5.2,15.1,34.4,22.6,29.0,77.8,15.7,31.0,46.7,20.9,15.8,7.2,6.2,6.0,21.8,0.0,102.4,-1.1
82,43,39,52.4,48.6,34.6,78.8,44.0,5.4,15.5,34.6,19.1,24.9,76.8,12.5,31.3,43.8,18.4,15.6,7.2,6.0,4.6,19.5,0.1,93.8,1.5
82,48,34,58.5,48.6,35.5,80.6,44.1,4.6,13.6,33.9,21.2,27.7,76.6,12.2,32.0,44.2,23.3,14.8,8.5,5.4,6.3,22.1,0.1,96.8,3.5
82,27,55,32.9,48.2,34.6,79.1,43.7,4.8,14.4,33.1,19.9,26.5,75.0,12.3,30.0,42.3,19.6,15.7,7.0,5.6,5.1,21.8,0.0,93.8,-4.1
82,50,32,61.0,48.6,37.7,83.6,45.1,5.9,16.7,35.6,19.0,26.0,73.4,13.1,31.1,44.3,23.3,14.5,7.8,5.7,3.8,22.9,0.1,100.4,2.3
82,28,54,34.1,48.6,37.2,82.2,45.2,5.7,15.6,36.5,17.4,23.6,73.9,11.5,30.1,41.6,23.1,15.4,7.9,6.1,5.2,20.5,0.0,97.5,-3.2
82,25,57,30.5,48.4,32.8,79.5,41.2,4.2,13.4,31.6,15.8,20.6,76.5,11.6,30.0,41.6,18.3,14.2,7.2,4.0,5.3,22.6,0.1,85.6,-5.0
82,42,40,51.2,48.5,37.1,81.3,45.7,7.1,18.6,38.3,18.1,23.3,77.6,10.7,28.9,39.5,22.2,12.7,7.6,4.2,4.1,22.2,0.1,99.5,0.2
82,51,31,62.2,48.3,38.7,83.0,46.6,3.6,9.8,36.8,17.1,22.3,77.0,11.7,31.9,43.6,25.2,13.7,6.7,5.3,4.9,20.8,0.0,98.1,2.1
82,49,33,59.8,48.2,35.4,80.3,44.1,4.2,12.7,33.2,20.3,26.8,75.7,12.1,30.8,42.9,23.0,14.8,8.7,4.6,5.2,21.6,0.1,95.4,5.2
82,47,35,57.3,48.5,35.5,81.6,43.5,4.9,13.1,37.6,17.9,23.3,76.8,13.4,30.2,43.6,22.0,14.8,8.0,4.8,5.2,21.6,0.1,93.9,2.1
82,37,45,45.1,48.4,36.2,82.0,44.1,7.4,19.3,38.3,16.1,19.8,81.5,10.3,29.0,39.2,22.0,14.0,7.1,3.1,3.8,23.0,0.1,95.9,-1.4
82,42,40,51.2,48.3,35.9,82.5,43.6,6.9,19.4,35.7,19.7,25.4,77.7,11.7,29.2,40.9,20.4,14.4,8.5,3.7,5.0,23.0,0.1,98.5,0.1
82,48,34,58.5,48.4,36.3,81.0,44.8,3.0,9.6,31.1,21.3,27.5,77.5,12.7,29.5,42.2,21.6,14.8,10.3,3.5,6.4,22.0,0.1,96.8,2.3
82,44,38,53.7,48.3,36.6,82.6,44.3,4.8,14.0,34.3,17.4,23.5,74.2,12.8,29.8,42.5,21.0,14.7,8.1,4.9,5.5,22.0,0.1,95.5,1.1
82,50,32,61.0,48.4,36.4,79.2,46.0,4.6,14.0,33.0,17.7,23.7,74.5,12.1,29.0,41.1,22.7,15.2,8.8,3.9,4.8,19.9,0.1,95.2,2.6
82,59,23,72.0,48.4,39.5,85.2,46.4,6.0,15.7,38.1,16.7,22.3,74.6,11.0,33.5,44.5,24.8,14.5,9.0,5.6,4.3,20.3,0.0,101.7,6.5
82,60,22,73.2,48.4,35.5,76.8,46.2,5.5,15.5,35.4,19.4,26.8,72.5,11.5,31.2,42.6,20.0,15.8,7.7,6.5,5.1,20.4,0.0,95.8,5.4
82,40,42,48.8,48.4,35.2,80.5,43.7,5.6,15.7,35.3,16.2,21.7,74.4,11.7,29.1,40.8,21.6,13.2,8.3,3.6,5.0,20.9,0.1,92.1,-0.1
82,24,58,29.3,48.3,34.7,81.3,42.7,5.0,14.5,34.3,16.5,22.9,71.8,12.5,28.7,41.2,19.3,14.4,7.4,4.8,5.0,21.5,0.1,90.9,-5.9
82,47,35,57.3,48.2,35.3,75.5,46.8,2.7,7.8,34.9,21.3,28.6,74.5,12.5,29.0,41.5,25.6,16.8,8.6,5.7,5.2,22.4,0.1,94.7,2.4
82,37,45,45.1,48.4,34.3,78.0,44.0,3.1,9.9,31.2,19.7,25.3,77.9,11.2,29.2,40.4,19.7,13.4,7.6,4.8,4.4,20.0,0.0,91.5,-1.0
82,28,54,34.1,48.5,34.5,79.6,43.3,5.1,15.2,33.5,18.7,24.1,77.6,12.1,30.6,42.7,20.1,16.5,7.6,5.0,5.1,22.3,0.0,92.8,-4.6
82,36,46,43.9,48.1,34.7,78.2,44.3,6.7,19.5,34.6,19.2,25.5,75.0,10.4,29.8,40.1,20.5,16.2,9.4,4.0,5.0,22.4,0.0,95.3,-1.5
82,23,59,28.0,48.4,34.1,82.4,41.4,5.2,15.3,34.2,16.2,22.4,72.6,12.8,30.7,43.5,21.9,16.1,8.0,4.8,5.4,23.3,0.0,89.7,-6.4
82,35,47,42.7,48.4,35.6,82.4,43.3,3.0,9.6,31.4,18.6,24.7,75.3,13.6,31.9,45.6,22.0,14.8,7.1,6.5,5.3,21.3,0.0,92.9,-2.6
82,52,30,63.4,48.3,40.5,88.2,45.9,6.2,17.8,34.8,18.0,22.6,79.6,14.3,31.0,45.3,23.9,12.2,8.0,5.3,4.7,19.6,0.0,105.2,4.4
82,43,39,52.4,48.1,36.5,82.5,44.3,4.0,12.0,33.6,20.2,26.3,76.7,13.2,29.1,42.3,21.9,15.6,9.1,6.3,5.8,22.0,0.1,97.2,1.1
82,54,28,65.9,48.2,33.5,77.0,43.5,4.1,11.8,34.4,19.0,25.3,75.3,12.4,30.4,42.8,20.8,15.1,8.0,7.0,5.0,20.3,0.0,90.1,5.8
82,37,45,45.1,48.4,35.1,79.4,44.2,5.2,15.6,33.4,17.9,24.7,72.5,12.2,30.9,43.1,20.5,14.8,7.0,4.7,5.1,20.6,0.0,93.3,-0.7
82,45,37,54.9,48.6,33.4,75.5,44.2,6.3,17.1,36.6,16.7,21.6,77.3,10.3,32.3,42.6,19.3,16.7,6.8,5.4,4.4,21.5,0.0,89.8,1.7
82,61,21,74.4,48.3,33.6,77.1,43.5,5.5,15.6,35.1,18.8,24.6,76.4,11.8,29.9,41.7,21.6,14.4,8.9,5.0,6.2,20.8,0.1,91.4,5.8
82,28,54,34.1,48.3,34.4,80.2,42.8,4.0,12.5,32.1,22.0,28.1,78.5,14.0,29.5,43.5,20.2,16.4,7.2,4.6,5.3,22.1,0.0,94.8,-4.6
82,56,26,68.3,48.4,36.9,81.4,45.4,4.5,13.6,32.7,19.9,28.7,69.3,12.2,30.9,43.1,23.8,13.8,8.3,4.6,3.8,21.1,0.1,98.2,3.9
82,50,32,61.0,48.5,36.1,81.2,44.5,5.5,16.0,34.0,19.0,26.1,72.7,12.8,29.0,41.8,23.4,15.0,9.7,6.9,5.6,23.2,0.0,96.7,2.4
82,42,40,51.2,48.2,33.3,78.3,42.5,5.9,16.5,35.7,17.8,23.4,76.2,11.5,30.0,41.5,19.1,13.9,7.2,3.8,5.4,22.1,0.0,90.3,0.5
82,41,41,50.0,48.2,36.2,81.1,44.7,4.9,14.0,35.0,20.7,26.7,77.5,11.7,30.5,42.2,22.8,13.5,6.8,4.7,5.0,20.3,0.0,98.0,1.1
82,58,24,70.7,48.2,37.0,80.1,46.2,4.0,10.9,36.3,16.6,21.3,78.1,10.7,32.3,42.9,23.0,12.7,6.8,5.6,3.6,21.1,0.1,94.5,5.5
82,47,35,57.3,48.1,34.3,77.7,44.1,4.6,13.7,33.6,17.0,22.6,75.3,10.5,30.2,40.7,24.5,14.7,8.6,3.9,4.6,21.0,0.1,90.3,2.5
82,41,41,50.0,48.4,33.8,80.5,42.0,6.5,20.3,31.9,17.7,23.6,75.1,13.3,29.5,42.8,20.9,15.0,8.6,4.2,5.2,20.9,0.1,91.8,-0.1
82,39,43,47.6,48.5,35.1,79.4,44.2,5.0,13.6,36.4,16.8,21.1,79.3,11.6,31.0,42.6,20.7,15.7,7.4,4.8,4.7,23.1,0.0,92.0,-1.5
82,21,61,25.6,48.4,35.4,82.5,42.9,5.2,15.2,34.4,18.0,24.4,73.7,12.2,28.7,40.9,19.3,13.7,6.7,3.8,5.5,21.3,0.0,94.0,-7.0
82,33,49,40.2,48.4,32.7,76.3,42.8,4.1,12.1,34.2,18.4,24.5,75.3,11.5,29.4,40.8,20.0,15.9,8.0,4.4,5.6,20.7,0.0,88.0,-2.5
82,29,53,35.4,48.1,36.1,81.4,44.3,5.1,14.7,34.5,17.0,22.7,74.6,11.3,29.3,40.6,19.3,15.2,9.0,4.7,5.3,22.7,0.0,94.2,-3.7
82,41,41,50.0,48.7,35.3,78.9,44.8,4.6,13.4,34.6,15.4,21.1,73.1,12.7,29.0,41.7,21.6,14.8,7.5,5.4,4.8,19.0,0.0,90.7,-1.3
82,55,27,67.1,48.2,37.8,81.8,46.2,7.3,18.3,40.1,19.8,24.9,79.5,10.8,30.4,41.2,26.2,13.9,8.7,4.0,5.0,19.3,0.0,102.8,5.0
82,57,25,69.5,48.2,34.7,78.5,44.2,5.0,13.9,35.8,17.2,25.2,68.1,12.5,32.5,45.1,20.4,14.7,8.1,6.5,4.6,20.3,0.0,91.5,7.2
82,37,45,45.1,48.3,35.8,80.4,44.6,8.8,23.6,37.3,16.6,21.7,76.5,11.1,28.3,39.3,21.7,14.5,8.1,4.7,4.7,21.8,0.1,97.1,-0.6
82,33,49,40.2,48.7,32.4,77.4,41.8,5.6,15.8,35.6,15.1,20.1,75.0,10.1,29.5,39.6,19.2,14.2,7.4,4.9,4.1,21.3,0.0,85.4,-3.0
82,42,40,51.2,48.2,32.8,75.3,43.6,3.1,9.6,32.1,20.0,26.8,74.6,13.5,27.7,41.2,20.4,16.6,7.1,6.0,6.5,25.6,0.1,88.7,-1.2
82,25,57,30.5,48.4,33.6,80.0,42.1,5.3,15.5,34.2,19.3,27.0,71.4,13.6,29.2,42.8,18.7,17.5,8.9,5.0,5.5,20.9,0.0,91.8,-5.6
82,13,69,15.9,48.4,35.9,81.4,44.1,3.7,11.9,31.2,17.3,24.3,71.1,13.4,28.5,41.9,19.7,16.1,7.7,4.2,5.9,24.5,0.0,92.7,-9.7
82,45,37,54.9,48.5,37.1,79.4,46.8,5.3,15.3,34.9,21.6,28.3,76.4,11.1,29.7,40.8,22.1,15.8,8.1,5.2,4.9,24.4,0.0,101.3,0.9
82,18,64,22.0,48.5,36.1,83.6,43.2,3.9,10.7,36.3,18.1,25.6,70.9,13.2,28.5,41.7,21.9,14.5,8.5,5.4,5.4,23.1,0.0,94.3,-6.0
82,47,35,57.3,48.4,34.7,80.4,43.2,6.2,17.5,35.7,18.7,25.0,75.0,12.2,31.6,43.8,21.3,16.7,7.0,4.5,5.3,24.7,0.0,94.5,1.1
82,42,40,51.2,48.4,36.5,81.5,44.7,3.7,11.0,33.2,19.9,26.5,75.2,13.6,28.7,42.3,22.6,13.9,8.0,5.6,5.1,22.6,0.0,96.5,0.8
82,58,24,70.7,48.1,37.3,81.6,45.7,5.6,15.5,36.4,22.3,28.2,78.9,12.1,30.9,42.9,19.6,13.4,8.6,5.6,4.9,22.3,0.0,102.5,5.7
82,49,33,59.8,48.2,37.0,80.7,45.9,3.9,11.5,34.0,21.5,28.2,76.3,11.8,30.2,42.0,23.9,14.9,9.1,6.0,5.6,22.9,0.0,99.5,2.0
82,54,28,65.9,48.7,34.8,78.3,44.4,4.4,12.8,34.5,19.4,26.2,73.9,12.9,30.6,43.4,21.8,13.8,7.0,6.1,4.5,20.0,0.0,93.3,3.9
82,34,48,41.5,48.5,36.9,85.8,43.0,7.6,21.6,35.2,17.2,23.8,72.2,13.0,29.7,42.7,22.1,13.6,7.8,5.1,5.1,22.4,0.0,98.7,-2.2
82,51,31,62.2,48.4,34.7,78.3,44.3,6.7,18.5,36.4,18.9,24.2,78.1,10.7,31.7,42.4,21.1,13.8,6.9,4.6,4.1,22.0,0.0,95.1,4.0
82,44,38,53.7,48.5,32.5,75.2,43.2,6.6,19.2,34.4,21.3,26.9,79.2,10.6,29.5,40.1,18.2,14.3,7.5,4.4,4.9,23.0,0.0,93.0,0.8
82,37,45,45.1,48.9,35.7,77.7,45.9,2.8,8.2,34.5,21.6,27.7,77.8,12.0,29.9,41.9,23.2,15.7,7.3,5.1,4.8,22.2,0.0,95.7,-0.8
82,34,48,41.5,48.2,35.3,80.8,43.7,7.9,22.1,35.5,20.3,26.1,77.7,12.5,30.6,43.2,20.4,14.3,6.2,4.2,5.1,21.9,0.0,98.7,-3.0
82,45,37,54.9,48.1,34.2,76.5,44.7,6.5,18.1,35.7,18.6,24.7,75.4,10.8,28.1,39.0,20.9,14.6,8.5,5.8,5.8,23.3,0.0,93.4,2.3
82,59,23,72.0,48.7,37.8,77.7,48.6,5.8,15.4,37.7,20.2,30.1,67.2,10.8,32.2,43.0,21.8,13.7,6.4,5.8,3.2,22.1,0.0,101.5,6.5
82,30,52,36.6,48.2,36.1,80.2,45.0,4.0,11.3,35.1,21.0,27.2,77.2,12.0,29.3,41.3,21.0,13.8,6.5,3.5,4.5,21.9,0.0,97.2,-3.0
82,44,38,53.7,48.2,37.1,80.8,45.9,4.8,14.0,34.5,17.7,22.2,79.6,11.5,31.5,43.0,23.4,13.2,5.6,5.5,3.9,21.6,0.0,96.8,1.5
82,42,40,51.2,48.5,33.6,78.3,42.9,5.3,14.7,36.2,19.0,24.9,76.3,10.4,29.1,39.5,21.6,14.2,7.9,3.8,4.9,24.2,0.0,91.4,-1.5
82,18,64,22.0,48.6,33.1,79.9,41.5,5.1,16.0,31.5,17.1,22.3,76.6,12.4,27.8,40.2,21.0,14.8,6.7,3.8,5.5,23.0,0.0,88.4,-7.1
82,33,49,40.2,48.5,36.3,80.5,45.1,5.4,15.1,35.6,19.3,25.1,76.7,11.8,29.2,41.0,20.3,14.7,7.7,3.2,4.7,23.7,0.0,97.3,-2.4
82,36,46,43.9,48.1,37.0,81.5,45.4,3.9,11.2,34.9,21.6,28.5,75.9,12.7,31.0,43.7,19.3,16.1,7.7,5.4,4.3,23.6,0.0,99.5,-2.2
82,43,39,52.4,48.4,35.9,82.1,43.7,6.2,17.7,34.8,21.1,26.8,78.9,11.1,30.9,42.0,20.9,15.5,9.2,3.9,4.7,22.9,0.0,99.1,-0.7
82,62,20,75.6,48.2,40.9,85.6,47.7,9.7,24.7,39.3,19.0,25.4,74.8,11.8,32.3,44.1,23.5,13.7,7.0,5.5,4.2,19.1,0.0,110.4,7.1
82,27,55,32.9,48.1,35.3,78.3,45.1,5.1,14.2,36.2,17.2,23.7,72.5,11.8,29.3,41.1,21.0,16.0,7.1,6.6,5.0,20.8,0.0,92.9,-4.0
82,50,32,61.0,48.4,39.1,85.1,45.9,6.4,17.0,37.4,19.2,24.4,78.7,12.5,29.9,42.4,24.5,13.1,8.2,3.9,4.5,20.5,0.0,103.7,2.2
82,59,23,72.0,48.3,35.6,78.7,45.3,6.2,17.0,36.3,18.7,25.9,72.4,12.0,30.4,42.4,21.6,13.7,7.5,6.6,5.1,20.9,0.0,96.2,7.8
82,52,30,63.4,48.2,35.1,79.2,44.4,8.1,22.2,36.5,20.5,26.0,79.0,12.7,28.2,40.9,18.1,13.6,6.7,4.1,4.8,23.7,0.0,98.9,2.3
82,33,49,40.2,48.3,36.0,81.2,44.4,7.9,20.5,38.5,19.8,25.6,77.4,10.3,29.8,40.1,20.4,13.3,7.6,3.9,4.4,22.9,0.0,99.7,-1.6
82,26,56,31.7,48.2,34.5,76.8,44.9,3.0,9.3,32.8,21.0,27.7,75.7,12.8,27.4,40.1,22.3,15.8,6.6,4.6,5.8,26.7,0.0,93.0,-4.3
82,45,37,54.9,48.2,36.2,82.8,43.6,6.3,18.3,34.3,21.9,30.2,72.5,13.8,29.0,42.8,19.1,14.3,8.7,4.2,5.0,22.0,0.0,100.5,-0.3
82,26,56,31.7,48.5,35.9,79.2,45.4,5.2,14.1,36.7,20.2,26.9,75.0,13.0,27.2,40.3,19.8,15.7,7.2,4.8,5.1,25.0,22.6,97.2,-4.8
82,33,49,40.2,48.5,36.0,77.1,46.7,5.7,15.7,36.2,20.3,26.9,75.5,9.9,29.7,39.6,20.9,16.6,7.0,5.1,4.9,24.8,22.4,98.0,-1.5
82,26,56,31.7,48.5,36.1,83.5,43.3,5.2,15.4,33.9,19.4,26.7,72.9,12.1,27.7,39.8,20.9,14.2,10.0,4.3,5.4,23.9,23.5,96.9,-4.0
82,41,41,50.0,48.5,36.6,82.2,44.6,6.8,18.0,37.9,17.7,24.0,73.8,11.0,31.7,42.8,22.0,14.9,6.2,4.2,5.1,24.9,23.0,97.8,0.6
82,50,32,61.0,48.4,35.5,78.2,45.4,6.1,17.9,33.9,20.6,28.3,72.9,11.7,30.6,42.3,19.0,13.9,6.9,4.8,4.4,21.1,22.5,97.6,2.2
82,60,22,73.2,48.5,36.0,77.7,46.2,5.1,13.6,37.4,22.2,28.3,78.3,12.6,29.6,42.2,18.0,13.6,7.2,6.0,4.9,22.4,23.6,99.1,6.1
82,44,38,53.7,48.6,37.5,81.4,46.1,4.3,13.1,32.5,21.0,28.2,74.4,11.0,30.3,41.3,23.4,14.8,8.5,5.6,5.3,22.7,23.3,100.3,0.2
82,64,18,78.0,48.4,36.4,80.0,45.5,6.8,17.7,38.4,17.3,23.8,72.7,11.9,28.6,40.5,24.0,11.4,7.1,6.0,3.5,18.5,20.9,96.8,6.7
82,34,48,41.5,48.4,35.8,82.7,43.3,7.6,22.3,34.1,19.2,26.7,71.8,12.0,30.3,42.3,20.7,14.1,7.4,4.3,5.0,23.7,23.4,98.5,-1.4
82,34,48,41.5,48.4,33.0,76.2,43.3,5.7,17.2,33.2,18.3,24.1,75.9,10.4,31.3,41.6,19.3,14.5,7.2,3.9,4.5,22.7,20.9,90.1,-1.6
82,41,41,50.0,48.1,34.0,76.5,44.4,6.5,18.7,34.9,19.4,26.3,73.7,11.0,31.2,42.2,19.9,15.3,7.3,5.0,4.9,22.2,22.0,93.9,1.9
82,47,35,57.3,48.3,36.5,78.6,46.5,3.5,10.3,34.4,20.7,26.1,79.1,10.1,33.0,43.1,20.8,14.5,6.5,6.1,4.3,22.8,21.7,97.2,1.6
82,45,37,54.9,48.4,36.5,80.6,45.3,6.7,19.3,34.9,19.7,26.5,74.5,11.8,30.3,42.2,21.1,13.9,7.7,4.3,4.3,23.1,23.5,99.4,2.5
82,49,33,59.8,48.4,33.5,74.7,44.8,7.2,19.2,37.4,18.0,25.3,71.1,10.2,29.0,39.2,19.3,13.8,7.3,5.4,5.6,21.4,22.8,92.2,3.7
82,52,30,63.4,48.2,37.1,77.5,47.8,6.1,17.6,34.5,19.7,28.2,70.0,10.5,32.6,43.1,20.6,14.5,6.4,5.4,3.6,22.8,23.6,99.9,3.9
82,40,42,48.8,48.4,36.3,80.1,45.3,6.2,16.3,38.0,19.0,25.8,73.8,11.3,29.9,41.2,21.6,14.6,7.3,3.3,5.0,23.2,23.6,97.8,-1.0
82,33,49,40.2,48.4,35.2,77.3,45.6,3.8,11.5,32.9,17.5,23.1,75.8,9.9,29.5,39.4,20.9,14.5,6.8,5.7,4.6,23.0,21.2,91.7,-1.9
82,49,33,59.8,48.2,33.9,77.0,44.0,5.8,17.6,33.0,20.2,26.7,75.8,10.0,31.0,41.0,23.0,13.6,6.8,3.4,4.0,23.2,23.0,93.8,1.4
82,38,44,46.3,48.3,34.5,78.4,44.0,3.7,10.8,33.9,20.1,26.5,75.8,11.2,29.0,40.2,18.5,13.4,7.5,3.8,5.3,21.8,23.3,92.8,-2.8
82,23,59,28.0,48.6,34.4,75.7,45.5,3.9,10.8,36.2,22.9,31.5,72.6,12.6,28.8,41.4,17.9,17.7,6.8,3.3,5.3,26.3,25.0,95.6,-6.4
82,36,46,43.9,48.5,35.5,75.2,47.2,3.6,9.7,37.6,20.3,27.8,73.0,10.9,29.3,40.2,18.2,15.1,6.5,4.4,4.7,23.3,23.2,94.9,-1.1
82,38,44,46.3,48.5,36.6,79.8,45.8,4.6,12.6,36.4,21.6,28.4,76.0,10.6,29.6,40.2,20.2,14.1,7.9,4.9,4.7,20.9,23.1,99.4,-2.0
82,54,28,65.9,48.7,41.8,87.4,47.9,10.2,25.6,39.9,14.5,18.0,80.6,9.5,32.3,41.8,26.6,13.3,6.7,5.0,3.4,20.5,19.8,108.4,5.5
82,21,61,25.6,48.1,34.0,76.4,44.5,4.4,12.7,34.9,16.3,23.7,68.9,10.8,26.9,37.7,18.2,14.7,6.5,5.3,4.9,22.3,20.8,88.8,-9.5
82,44,38,53.7,48.4,36.0,79.3,45.4,6.0,17.2,35.1,20.8,26.5,78.4,10.4,30.2,40.5,22.3,14.6,7.4,3.6,4.9,20.4,22.8,98.9,1.5
82,63,19,76.8,48.3,36.5,77.3,47.2,6.4,16.6,38.5,16.2,23.1,70.2,10.4,31.1,41.5,20.9,13.7,6.6,5.7,4.2,20.9,20.6,95.6,6.8
82,35,47,42.7,48.4,37.5,81.8,45.9,7.4,19.9,37.1,20.1,25.7,78.5,12.4,27.2,39.6,20.7,14.7,7.6,3.7,4.9,23.6,22.2,102.6,-3.0
82,27,55,32.9,48.7,36.7,81.0,45.4,7.4,19.8,37.5,20.2,25.5,79.1,10.5,27.9,38.5,19.4,13.1,6.5,3.3,4.4,24.0,22.4,101.1,-3.0
82,41,41,50.0,48.5,33.5,75.7,44.2,3.8,11.3,33.6,21.6,30.1,71.9,13.1,29.0,42.1,21.6,15.7,6.4,6.0,5.6,24.8,25.7,92.4,-2.6
82,42,40,51.2,48.4,36.3,81.2,44.7,6.1,17.0,35.7,23.0,30.4,75.7,12.6,28.6,41.2,18.6,13.9,8.0,4.1,4.2,22.6,25.0,101.7,1.9
82,30,52,36.6,48.5,34.5,77.7,44.4,4.2,12.7,32.9,20.5,26.9,76.1,11.9,28.2,40.1,19.2,15.9,7.4,5.4,5.1,24.0,22.6,93.7,-4.8
82,24,58,29.3,48.4,34.9,78.7,44.3,5.7,15.6,36.7,20.4,26.6,76.7,11.2,29.2,40.4,19.9,16.5,7.2,4.7,5.5,24.0,21.4,95.8,-3.4
82,33,49,40.2,48.8,36.1,81.0,44.6,5.6,15.6,35.7,19.1,26.0,73.4,11.2,28.6,39.8,22.4,14.9,7.8,4.5,5.3,24.2,21.8,96.9,-3.7
82,49,33,59.8,48.2,37.1,81.3,45.7,5.9,15.1,38.8,18.6,25.4,73.4,12.0,31.7,43.7,22.3,16.0,7.8,5.4,5.3,23.3,23.2,98.8,5.0
82,50,32,61.0,48.5,36.3,81.2,44.7,6.0,17.1,35.2,18.1,26.0,69.6,12.7,30.8,43.5,20.8,14.4,7.6,4.3,4.3,21.7,22.0,96.8,3.8
82,67,15,81.7,48.2,36.7,78.6,46.7,6.5,17.1,38.1,20.1,24.9,80.5,11.2,30.7,41.9,19.9,13.9,6.8,5.0,3.8,22.4,22.1,100.0,7.2
82,45,37,54.9,48.2,38.6,83.0,46.5,5.9,17.6,33.6,22.3,29.9,74.6,12.2,31.2,43.4,23.4,16.5,8.3,5.3,5.2,21.4,23.7,105.4,1.6
82,53,29,64.6,48.5,35.9,79.1,45.4,5.5,15.9,34.4,18.8,24.2,77.4,11.6,29.0,40.5,21.6,12.2,7.1,5.8,3.5,20.4,20.3,96.0,4.2
82,42,40,51.2,48.2,39.8,86.0,46.3,8.5,24.0,35.6,18.5,25.8,71.7,11.5,29.9,41.4,23.8,16.0,9.1,5.7,4.9,23.6,22.3,106.5,-0.3
82,52,30,63.4,48.4,35.4,79.6,44.5,8.6,23.1,37.2,17.5,23.2,75.3,10.7,32.6,43.3,20.8,14.2,7.1,4.1,4.3,20.9,19.9,97.0,4.9
82,35,47,42.7,48.2,35.0,80.0,43.8,5.9,16.9,34.6,19.7,25.9,76.0,12.1,29.8,41.8,20.5,16.3,7.3,5.5,5.0,23.3,23.7,95.6,-2.4
82,40,42,48.8,48.1,35.1,77.0,45.6,3.8,11.0,34.8,21.6,27.4,78.8,10.8,30.3,41.1,21.5,15.1,7.3,5.8,3.9,22.7,22.3,95.6,-0.5
82,42,40,51.2,48.9,37.8,81.3,46.6,7.4,21.0,35.3,20.2,27.1,74.7,10.8,30.4,41.2,22.6,15.5,7.3,5.1,5.0,23.0,23.4,103.3,-0.1
82,22,60,26.8,48.7,36.6,78.6,46.5,6.1,16.6,36.7,22.4,29.4,76.1,10.6,29.0,39.5,20.5,16.4,6.9,5.0,5.5,22.3,24.3,101.6,-5.1
82,44,38,53.7,48.4,35.6,76.7,46.4,6.4,18.8,34.3,17.0,24.6,69.0,10.0,30.8,40.8,20.5,14.6,6.9,5.4,3.8,21.3,21.8,94.6,-0.9
82,28,54,34.1,48.4,38.1,81.9,46.5,6.4,18.0,35.6,17.1,23.4,73.3,11.5,27.7,39.2,21.6,15.1,7.2,2.7,5.3,22.2,21.0,99.7,-4.4
82,32,50,39.0,48.8,36.5,79.3,46.1,4.7,13.3,35.3,18.3,23.1,79.2,10.0,30.2,40.1,22.5,15.6,6.5,4.0,4.4,21.4,20.5,96.1,-3.7
82,41,41,50.0,48.5,35.5,77.8,45.7,7.4,20.4,36.3,19.1,26.3,72.7,10.0,30.8,40.8,23.9,14.8,6.1,3.3,4.5,22.8,23.0,97.6,-0.8
82,39,43,47.6,48.5,36.2,81.4,44.5,5.5,15.3,36.2,17.5,23.7,74.0,12.5,30.6,43.1,18.7,14.5,6.4,4.2,4.8,19.8,21.1,95.5,-1.6
82,33,49,40.2,48.8,35.4,77.5,45.7,5.8,16.7,34.6,20.9,29.2,71.5,12.6,30.7,43.3,18.7,17.1,6.6,3.2,5.0,23.6,22.9,97.5,-2.9
82,40,42,48.8,48.2,35.1,74.3,47.2,4.2,11.7,35.6,20.5,29.2,70.2,11.2,29.5,40.7,18.6,17.0,6.9,5.1,4.6,23.2,23.4,94.8,0.8
82,35,47,42.7,48.5,35.8,78.1,45.8,3.5,10.0,34.5,20.0,26.0,76.7,11.0,28.7,39.7,20.4,15.3,7.2,4.8,3.9,20.4,22.0,94.9,-3.0
82,61,21,74.4,48.5,41.3,83.6,49.4,9.6,24.0,39.9,18.0,22.3,80.8,9.0,31.5,40.5,25.9,14.5,6.7,4.8,3.7,20.2,21.5,110.2,7.3
82,32,50,39.0,48.7,35.0,78.0,45.0,5.2,15.0,34.6,18.8,24.5,76.9,11.3,28.0,39.3,18.5,15.1,6.8,4.6,4.6,23.5,21.3,94.1,-4.3
82,33,49,40.2,48.3,35.9,79.7,45.0,6.5,18.5,35.0,23.1,30.2,76.5,9.7,29.2,38.9,20.3,14.6,8.2,3.2,4.9,21.9,24.3,101.3,-1.8
82,58,24,70.7,48.2,36.6,77.2,47.4,7.3,19.0,38.1,18.1,24.1,75.1,9.3,31.4,40.7,22.1,13.9,7.2,5.1,4.1,19.4,21.2,98.5,8.4
82,31,51,37.8,48.4,37.2,80.8,46.0,6.4,17.7,36.2,18.4,23.3,79.1,11.3,28.3,39.6,20.7,15.5,7.7,3.7,4.2,22.0,19.9,99.1,-2.9
82,47,35,57.3,48.2,37.0,79.8,46.3,6.5,17.9,36.3,19.0,24.2,78.8,9.2,30.2,39.5,22.2,13.5,7.1,3.9,3.9,20.4,21.8,99.5,1.0
82,51,31,62.2,48.3,37.4,78.9,47.4,4.3,12.9,33.5,22.3,30.0,74.3,12.6,30.0,42.5,24.7,15.6,7.0,4.1,5.3,25.2,24.5,101.5,2.9
82,41,41,50.0,48.4,37.4,83.2,45.0,6.8,19.7,34.8,22.6,29.6,76.5,12.2,29.0,41.2,20.2,13.8,7.7,4.6,4.6,22.2,23.5,104.3,-0.5
82,37,45,45.1,48.4,36.3,79.9,45.4,4.7,13.1,35.6,21.0,27.2,77.2,12.3,29.9,42.2,22.0,14.9,7.3,5.5,5.1,20.4,21.9,98.2,-1.8
82,66,16,80.5,48.2,36.4,76.7,47.5,7.3,19.1,38.1,20.5,26.5,77.1,10.1,31.9,42.0,22.4,15.2,8.5,4.6,4.7,22.7,22.2,100.5,10.3
82,32,50,39.0,48.5,36.1,79.9,45.2,6.5,17.6,36.7,18.4,25.8,71.4,10.9,29.8,40.6,21.3,14.7,7.5,4.9,5.8,21.7,21.0,97.1,-4.4
82,33,49,40.2,48.3,36.4,83.7,43.5,5.8,15.9,36.3,18.7,24.7,75.6,12.8,30.2,43.0,22.1,14.6,7.7,5.2,5.7,21.8,21.3,97.3,-3.1
82,45,37,54.9,48.4,35.8,81.7,43.9,6.7,18.8,35.8,18.0,25.1,71.7,13.3,31.3,44.6,20.0,14.0,7.1,5.2,4.7,20.9,20.3,96.4,-0.4
82,51,31,62.2,48.1,36.9,79.5,46.4,6.0,17.1,35.2,20.6,25.3,81.4,10.8,32.2,43.0,21.0,12.6,6.0,4.9,4.4,21.8,21.2,100.4,4.5
82,50,32,61.0,48.4,40.3,85.8,47.0,6.9,19.6,35.5,23.1,30.7,75.1,11.2,32.9,44.1,24.7,14.7,9.2,6.7,4.8,21.1,23.8,110.7,3.7
82,59,23,72.0,48.1,36.6,79.9,45.8,5.9,16.2,36.6,18.4,24.0,76.7,11.9,29.5,41.4,22.3,11.7,7.1,5.8,3.9,20.6,19.7,97.5,7.4
82,48,34,58.5,48.2,41.5,90.3,45.9,9.3,26.6,34.8,18.8,24.9,75.2,12.7,30.4,43.2,22.4,13.2,9.1,4.6,5.0,22.9,21.2,111.0,2.2
82,55,27,67.1,48.1,36.6,81.7,44.8,7.1,20.8,34.2,16.4,22.5,72.6,12.2,32.4,44.6,21.4,13.7,7.3,5.1,4.6,19.6,19.7,96.7,4.7
82,36,46,43.9,48.2,37.8,85.3,44.4,9.2,24.6,37.4,19.1,24.9,76.8,11.0,32.1,43.1,22.7,15.1,7.6,5.0,5.1,23.4,21.7,104.0,-1.4
82,23,59,28.0,48.3,34.4,78.6,43.8,4.3,13.2,32.4,20.8,26.6,78.1,9.8,30.4,40.1,21.1,14.4,6.8,4.9,4.7,21.3,21.6,93.8,-7.3
82,57,25,69.5,48.2,39.6,83.1,47.6,8.1,21.4,37.8,21.3,27.7,76.9,11.0,33.2,44.1,24.4,14.1,8.0,5.3,4.5,20.6,22.6,108.6,7.3
82,22,60,26.8,48.3,37.3,82.2,45.4,7.6,21.7,34.9,18.5,25.6,72.3,10.3,31.3,41.6,19.2,15.3,6.1,4.7,4.9,19.4,22.5,100.7,-6.2
82,15,67,18.3,48.4,34.2,77.3,44.3,6.0,16.7,35.8,16.9,23.2,72.7,9.1,28.6,37.6,20.0,14.7,7.2,4.3,4.2,20.4,20.1,91.4,-8.6
82,26,56,31.7,48.4,36.9,82.3,44.9,5.5,16.0,34.4,17.7,24.1,73.3,12.9,28.8,41.7,21.5,14.8,6.6,4.4,4.9,21.3,21.1,97.0,-6.9
82,22,60,26.8,48.1,37.5,83.1,45.1,5.4,15.4,35.0,15.2,20.6,73.6,11.8,29.6,41.4,19.9,14.5,7.5,3.7,5.7,23.0,17.5,95.6,-6.8
82,34,48,41.5,48.4,34.8,78.7,44.3,6.1,17.4,34.8,20.1,27.3,73.6,11.1,30.7,41.9,23.5,15.0,6.4,4.8,4.4,22.6,22.4,95.8,-5.1
82,56,26,68.3,48.3,38.6,82.9,46.6,7.7,19.8,38.9,16.0,20.8,76.9,11.4,30.4,41.8,21.8,11.9,7.8,3.9,4.0,18.7,19.2,100.9,5.3
82,23,59,28.0,48.5,36.2,82.4,43.9,6.0,17.7,33.7,18.6,25.5,72.7,12.5,30.0,42.5,18.7,14.5,6.4,2.6,5.2,21.5,20.3,96.9,-6.6
82,52,30,63.4,48.2,37.3,78.6,47.4,9.8,25.3,38.6,20.1,27.9,72.1,9.4,32.6,42.0,20.8,14.3,6.3,4.1,4.2,20.6,23.1,104.5,5.5
82,40,42,48.8,48.2,37.3,81.1,46.0,3.7,11.6,31.7,18.4,26.1,70.6,13.0,28.9,41.9,20.4,14.3,8.7,4.9,5.1,19.8,20.8,96.6,0.4
82,55,27,67.1,48.2,41.4,82.7,50.0,8.5,21.5,39.3,18.9,24.1,78.3,8.8,32.7,41.5,26.7,14.4,6.5,6.3,3.8,19.9,21.1,110.1,5.0
82,41,41,50.0,48.5,35.8,79.8,44.8,6.6,17.4,37.7,17.2,22.5,76.7,11.0,29.7,40.7,21.1,12.9,5.5,4.4,3.7,20.0,20.2,95.4,-1.0
82,38,44,46.3,48.4,37.1,80.0,46.4,6.2,16.7,37.3,22.1,27.7,79.8,10.1,30.0,40.1,19.1,16.1,7.9,4.1,5.5,22.4,23.1,102.5,-2.3
82,56,26,68.3,48.1,35.8,78.3,45.7,7.2,19.6,36.9,16.5,21.6,76.1,9.4,31.9,41.3,21.0,12.6,6.4,4.1,4.4,18.7,19.8,95.4,4.8
82,20,62,24.4,48.4,38.1,85.8,44.4,3.8,11.5,33.3,17.5,22.8,77.0,11.8,32.8,44.6,21.3,16.0,6.5,4.9,5.4,20.5,19.6,97.5,-8.8
82,41,41,50.0,48.4,38.4,82.0,46.8,7.0,17.8,39.2,16.4,20.2,81.2,9.6,30.4,40.1,23.8,11.7,7.0,4.1,4.1,19.5,18.4,100.2,2.9
82,54,28,65.9,48.1,40.0,80.4,49.7,5.0,13.4,37.2,21.3,28.0,75.9,11.5,29.4,40.9,26.4,14.6,8.7,4.3,5.1,24.0,23.1,106.2,6.9
82,43,39,52.4,48.5,36.4,81.6,44.6,7.0,19.7,35.6,19.0,24.3,78.2,12.3,29.3,41.6,19.6,13.2,7.7,4.8,4.4,19.6,20.2,98.8,-0.3
82,47,35,57.3,48.1,36.0,78.7,45.8,7.3,19.9,36.6,18.7,25.4,73.7,10.6,29.4,40.0,20.2,12.8,7.4,4.6,4.3,19.6,20.5,98.1,1.6
82,62,20,75.6,48.5,37.5,77.2,48.6,6.6,16.5,39.7,19.4,25.3,76.5,10.6,31.5,42.1,22.7,15.6,7.6,4.7,4.7,23.1,22.2,100.9,7.5
82,35,47,42.7,48.6,35.0,76.8,45.5,6.0,16.3,36.6,17.7,24.0,74.0,10.8,28.9,39.7,21.2,15.6,7.1,4.8,6.0,21.4,20.9,93.6,-1.3
82,41,41,50.0,48.6,38.1,83.5,45.7,6.0,15.8,38.1,19.9,25.0,79.6,11.8,30.3,42.1,21.1,14.5,7.5,5.5,5.5,20.8,20.8,102.2,-0.3
82,66,16,80.5,48.2,36.9,78.7,46.8,8.0,20.4,39.3,18.6,24.5,75.7,10.8,31.4,42.2,20.3,12.7,7.2,5.3,4.1,20.3,20.3,100.3,8.9
82,50,32,61.0,48.3,38.1,82.6,46.2,7.0,19.9,35.0,18.5,22.6,81.9,11.1,31.6,42.7,21.7,12.7,7.2,5.2,4.1,19.5,20.1,101.7,2.0
82,54,28,65.9,48.1,37.3,79.4,47.0,6.7,18.0,37.1,23.1,30.3,76.0,11.0,30.6,41.6,22.2,15.3,8.7,6.0,5.5,22.9,23.7,104.3,3.4
82,39,43,47.6,48.5,36.4,80.0,45.4,4.6,13.2,34.9,16.9,22.5,75.1,11.6,29.9,41.4,20.6,11.9,6.0,4.6,4.2,20.9,19.7,94.2,-0.5
82,29,53,35.4,48.5,39.4,86.0,45.8,6.7,18.0,37.3,23.1,29.2,79.1,11.6,30.4,42.0,20.9,14.6,7.8,6.4,5.0,22.5,23.5,108.6,-3.7
82,53,29,64.6,48.3,36.1,79.6,45.3,7.6,20.2,37.5,18.7,23.2,80.5,10.5,32.5,43.0,20.3,14.1,6.7,4.3,5.3,18.9,20.6,98.4,4.0
82,36,46,43.9,48.4,39.3,86.3,45.5,8.0,21.0,37.8,18.6,23.0,80.7,11.3,32.5,43.7,21.6,14.5,7.0,5.3,5.4,23.1,20.6,105.1,-1.1
82,19,63,23.2,48.5,36.0,81.7,44.1,6.5,18.5,35.4,16.5,22.4,73.6,10.9,29.0,39.8,21.0,14.9,7.0,5.9,5.0,20.1,19.6,95.1,-8.8
82,65,17,79.3,48.2,40.3,85.1,47.4,6.7,18.5,36.1,19.6,25.5,77.0,12.4,31.5,43.9,23.3,13.5,8.8,5.1,4.8,20.7,22.1,106.9,7.7
82,24,58,29.3,48.3,34.9,77.0,45.4,4.9,13.5,36.0,19.1,25.3,75.6,10.3,28.5,38.8,17.4,15.3,7.5,4.7,5.4,21.7,21.8,93.9,-5.5
82,43,39,52.4,48.7,37.0,81.0,45.7,7.1,19.9,35.7,17.2,22.8,75.4,10.1,29.4,39.5,20.4,12.5,7.9,5.5,4.1,20.7,19.9,98.3,0.3
82,34,48,41.5,48.2,36.7,82.4,44.5,6.2,17.2,36.3,19.7,25.2,78.0,11.9,28.9,40.7,22.0,14.1,7.4,3.8,4.6,24.2,22.5,99.3,-1.1
82,24,58,29.3,48.3,36.4,82.5,44.1,6.6,18.8,35.3,18.3,23.9,76.9,11.9,29.8,41.7,20.4,14.2,6.2,3.9,5.9,21.8,20.0,97.8,-4.9
82,34,48,41.5,48.4,35.7,79.7,44.8,8.0,21.2,37.6,18.8,24.1,77.9,10.4,29.5,39.8,20.0,13.1,6.8,4.8,4.8,22.4,20.5,98.1,-2.4
82,49,33,59.8,48.2,35.5,77.6,45.7,6.8,18.6,36.4,18.0,22.4,80.7,9.8,29.9,39.7,19.6,12.5,7.2,4.1,3.5,20.3,20.4,95.8,1.5
82,32,50,39.0,48.3,38.5,86.5,44.5,10.0,27.9,36.0,18.2,23.2,78.4,11.1,31.0,42.1,21.2,14.3,7.4,2.5,5.3,20.4,19.4,105.2,-2.6
82,23,59,28.0,48.3,36.6,81.9,44.7,4.0,11.6,34.6,19.8,25.2,78.6,12.2,30.5,42.6,20.3,16.2,7.4,4.5,5.0,20.2,20.2,97.0,-6.1
82,59,23,72.0,48.1,35.7,78.2,45.7,10.0,26.2,38.1,19.6,27.5,71.5,10.0,33.3,43.3,19.4,13.9,7.0,5.4,3.8,20.3,22.4,101.0,6.7
82,41,41,50.0,48.2,36.5,79.7,45.9,4.2,13.1,31.8,20.1,27.0,74.5,12.7,28.5,41.2,20.1,14.1,8.0,5.1,4.9,20.1,21.8,97.4,0.1
82,46,36,56.1,48.2,41.1,81.6,50.4,6.7,17.6,38.3,20.4,27.5,74.4,11.0,30.7,41.7,23.2,15.7,7.2,5.1,4.5,20.6,22.9,109.4,1.9
82,54,28,65.9,48.4,36.8,79.2,46.5,7.3,19.0,38.3,18.5,24.2,76.5,12.9,28.8,41.7,20.3,12.9,6.7,4.9,3.9,20.4,21.1,99.4,5.3
82,17,65,20.7,48.5,36.5,81.5,44.7,7.1,19.4,36.8,20.5,25.7,79.8,10.2,28.9,39.1,19.7,15.4,6.9,4.3,5.2,23.3,21.2,100.6,-8.8
82,54,28,65.9,48.5,37.1,79.7,46.6,7.6,19.8,38.6,15.2,20.0,76.1,8.9,32.2,41.0,21.2,11.7,5.8,4.0,4.3,18.9,18.4,97.0,3.8
82,33,49,40.2,48.3,37.2,81.4,45.8,5.8,15.7,37.2,18.7,22.7,82.4,9.8,30.6,40.4,22.4,13.4,6.4,4.8,4.7,19.4,20.1,99.0,-2.8
82,48,34,58.5,48.5,38.3,80.8,47.5,4.8,13.7,34.9,22.1,28.7,77.1,11.5,29.5,41.0,24.7,14.8,8.8,4.6,5.2,22.3,24.0,103.6,2.6
82,19,63,23.2,48.1,36.5,81.2,45.0,4.8,14.6,33.0,18.2,23.8,76.7,11.7,28.4,40.1,20.0,14.0,7.5,4.5,5.3,20.5,20.0,96.1,-7.5
82,53,29,64.6,48.4,38.8,82.9,46.8,6.4,17.7,36.0,17.7,23.3,75.9,11.8,29.9,41.7,21.8,12.0,7.2,5.0,4.4,19.9,19.3,101.7,4.7
82,50,32,61.0,48.2,37.1,76.8,48.3,6.1,17.5,34.8,19.0,25.5,74.6,8.7,29.9,38.6,23.5,14.9,8.5,4.9,4.7,22.1,21.7,99.2,3.7
82,44,38,53.7,48.5,34.9,76.9,45.3,5.6,16.2,34.6,20.0,26.6,75.1,10.5,30.4,40.8,20.2,15.7,7.7,5.4,6.1,19.5,22.0,95.3,1.5
82,41,41,50.0,48.5,37.6,83.2,45.1,4.3,13.0,33.0,18.0,23.9,75.4,11.4,33.1,44.5,20.8,14.3,6.5,5.8,5.3,20.1,20.0,97.5,-1.6
82,61,21,74.4,48.2,37.8,77.9,48.5,7.3,19.3,38.1,19.1,26.6,72.0,9.6,32.8,42.5,22.4,13.9,6.9,5.2,4.0,19.4,20.8,102.1,6.5
82,55,27,67.1,48.5,38.3,82.4,46.4,6.8,18.3,37.2,18.6,22.8,81.6,10.2,31.5,41.7,23.4,12.9,7.6,5.5,4.1,19.1,20.1,102.0,2.7
82,53,29,64.6,48.2,38.1,81.4,46.8,6.6,18.5,35.9,23.6,30.6,77.2,10.8,30.5,41.4,21.0,13.9,8.3,5.1,5.3,22.5,23.7,106.5,4.1
82,27,55,32.9,48.2,35.9,80.5,44.5,4.6,14.5,31.4,17.7,24.4,72.8,12.8,27.3,40.2,19.4,13.4,7.3,3.8,4.9,22.2,20.8,94.0,-5.1
82,26,56,31.7,48.1,40.6,86.5,46.9,7.7,20.6,37.5,19.9,25.4,78.2,9.2,29.2,38.4,22.4,14.7,9.3,4.1,5.0,23.0,21.4,108.8,-3.6
82,42,40,51.2,48.5,37.7,84.4,44.7,7.9,22.4,35.1,19.0,24.7,77.2,11.8,30.1,42.0,21.8,14.5,7.1,3.9,6.5,20.9,22.4,102.4,-0.4
82,32,50,39.0,48.1,36.8,83.2,44.3,8.0,23.1,34.8,19.1,24.6,77.5,9.6,31.9,41.5,21.1,15.0,7.1,5.4,5.0,22.5,20.8,100.8,-3.0
82,29,53,35.4,48.1,36.6,80.5,45.5,5.9,17.8,33.2,16.6,22.8,73.0,11.3,30.5,41.8,22.1,15.7,6.5,5.7,4.4,19.3,19.4,95.7,-6.4
82,57,25,69.5,48.4,38.3,83.8,45.7,6.5,19.0,34.1,18.5,24.2,76.5,11.9,32.5,44.3,21.1,13.4,7.5,4.9,4.4,19.4,21.2,101.7,4.7
82,40,42,48.8,48.5,39.3,83.8,46.9,4.2,12.4,33.7,19.7,26.9,73.3,13.0,30.4,43.5,18.8,15.2,7.9,4.9,6.1,20.2,22.4,102.5,-1.5
82,47,35,57.3,48.5,36.4,79.5,45.8,6.0,17.4,34.6,17.7,23.5,75.2,10.7,31.1,41.8,18.9,13.2,7.4,5.6,4.3,20.9,20.0,96.5,2.3
82,46,36,56.1,48.7,37.2,85.3,43.6,7.9,22.1,35.6,15.4,20.4,75.5,11.8,31.2,43.0,21.2,13.2,7.1,4.7,5.1,22.2,20.3,97.7,1.7
82,15,67,18.3,48.2,37.9,84.4,44.9,4.9,14.4,34.1,17.5,23.5,74.6,11.7,31.2,42.9,19.8,16.3,7.3,3.7,5.4,20.7,20.6,98.2,-9.6
82,12,70,14.6,48.2,34.3,79.9,42.9,4.6,14.5,31.8,19.2,24.6,78.0,10.9,28.8,39.7,18.8,14.4,7.0,4.8,5.1,20.0,20.1,92.4,-9.1
82,37,45,45.1,48.4,38.8,83.4,46.4,7.0,19.2,36.3,15.8,20.3,77.8,10.4,29.9,40.3,22.3,13.5,7.6,3.7,4.5,19.6,19.5,100.2,-2.5
82,29,53,35.4,48.5,38.1,83.9,45.5,9.1,26.2,34.6,16.8,21.5,78.2,10.2,30.2,40.4,21.6,14.0,7.1,3.7,4.5,20.0,19.2,102.1,-3.8
82,50,32,61.0,48.3,37.4,80.8,46.2,5.1,15.0,34.0,21.7,27.0,80.5,11.7,31.8,43.5,20.0,15.0,8.0,5.9,4.7,21.3,21.4,101.5,3.5
82,59,23,72.0,48.1,36.6,78.0,47.0,10.3,27.3,37.5,19.2,26.5,72.4,9.9,33.4,43.2,19.7,14.1,6.2,5.6,3.5,19.9,22.2,102.8,7.5
82,27,55,32.9,48.3,37.6,81.8,46.0,5.8,16.8,34.3,16.7,22.0,75.6,11.5,29.5,41.0,21.0,14.5,8.1,5.4,4.0,20.5,18.7,97.7,-3.9
82,54,28,65.9,48.1,40.7,82.8,49.2,8.9,21.6,41.2,19.9,25.8,77.0,11.1,31.9,43.0,23.3,14.8,5.8,5.1,4.5,20.9,21.8,110.2,4.9
82,50,32,61.0,48.4,36.3,78.7,46.1,6.0,16.9,35.4,19.6,24.8,79.0,11.1,29.1,40.2,20.4,12.3,6.4,4.3,4.1,20.9,21.5,98.1,3.3
82,25,57,30.5,48.5,38.3,84.1,45.6,5.9,16.9,34.9,17.4,24.0,72.6,11.9,30.7,42.6,20.5,15.0,6.9,4.5,5.7,22.3,20.1,100.0,-4.4
82,50,32,61.0,48.2,38.4,81.2,47.3,6.8,18.9,35.8,17.8,24.0,74.0,10.8,32.0,42.8,22.3,13.6,6.3,4.6,5.1,20.4,20.4,101.4,5.1
82,40,42,48.8,48.2,39.0,80.9,48.2,6.3,17.0,37.1,19.7,25.8,76.4,9.8,30.6,40.4,22.0,13.4,5.7,4.7,4.4,22.2,21.1,104.1,-1.8
82,53,29,64.6,48.2,39.4,80.2,49.1,5.4,14.7,36.4,20.2,27.2,74.1,10.6,31.6,42.2,26.7,15.2,8.2,4.9,5.4,22.7,22.2,104.2,5.3
82,26,56,31.7,48.4,36.7,81.7,44.9,5.3,14.9,35.3,17.6,23.1,76.2,11.8,30.0,41.8,19.0,14.9,6.0,5.1,5.1,21.4,20.5,96.2,-4.8
82,44,38,53.7,48.1,36.2,78.4,46.2,6.1,17.4,35.2,16.4,21.1,77.9,9.3,30.0,39.3,22.0,13.6,6.1,4.2,4.2,19.0,18.5,95.0,-0.8
82,56,26,68.3,48.2,36.9,75.8,48.6,5.0,13.6,36.5,17.8,23.1,77.0,7.8,31.0,38.8,23.4,14.6,8.2,4.2,4.4,20.5,20.2,96.5,5.4
82,34,48,41.5,48.3,35.0,77.6,45.1,4.8,14.7,32.7,18.4,24.4,75.6,10.3,29.8,40.1,21.1,14.5,6.4,5.3,6.0,20.0,21.1,93.3,-4.0
82,62,20,75.6,48.4,37.1,80.3,46.2,6.2,17.3,36.1,18.2,24.5,74.3,11.8,32.4,44.2,22.3,14.2,7.2,5.7,5.8,20.0,20.1,98.6,7.3
82,19,63,23.2,48.2,35.2,81.1,43.4,6.2,18.2,34.2,18.9,25.3,74.5,10.4,29.9,40.3,21.0,14.2,6.6,4.2,6.0,20.1,21.3,95.5,-9.0
82,57,25,69.5,48.1,37.4,78.8,47.5,7.9,21.6,36.5,17.5,22.6,77.7,9.5,31.9,41.4,23.8,14.0,6.8,4.3,3.7,19.2,20.1,100.2,4.2
82,50,32,61.0,48.1,38.4,80.6,47.6,8.1,20.8,38.8,22.7,29.6,76.5,9.6,32.3,42.0,22.1,14.1,7.4,4.3,6.0,21.0,22.7,107.5,4.8
82,30,52,36.6,48.5,37.3,81.1,46.0,5.8,15.3,37.6,16.7,22.6,73.7,11.4,27.3,38.6,21.1,13.0,7.3,4.0,4.6,19.9,18.8,97.0,-3.6
82,36,46,43.9,48.4,39.6,85.9,46.1,8.4,21.3,39.2,15.7,20.7,76.1,11.6,28.9,40.5,22.5,14.6,9.0,5.0,4.3,22.0,18.4,103.4,-2.3
82,43,39,52.4,48.5,38.7,85.1,45.4,8.3,22.5,36.7,20.3,25.4,80.1,11.7,31.1,42.8,23.8,13.5,7.1,4.5,5.5,20.0,21.4,105.9,2.2
82,37,45,45.1,48.2,36.6,82.8,44.2,7.1,20.2,35.4,19.4,24.8,78.2,11.1,32.4,43.5,19.6,15.4,7.1,5.6,5.7,21.7,21.4,99.8,-1.1
82,32,50,39.0,48.4,36.8,80.4,45.7,6.3,18.5,33.8,18.9,26.7,70.7,11.6,30.5,42.1,22.1,16.4,7.1,4.9,4.9,21.1,22.1,98.6,-3.1
82,57,25,69.5,48.4,38.1,82.4,46.3,6.4,18.1,35.2,18.8,24.1,77.9,12.1,31.9,44.0,22.0,13.1,7.3,5.1,4.5,19.0,20.7,101.5,6.1
82,46,36,56.1,48.5,39.0,82.9,47.1,3.8,11.3,33.4,18.1,24.2,75.0,11.8,29.2,41.0,20.6,14.0,9.4,5.4,6.2,20.8,21.4,99.9,2.3
82,58,24,70.7,48.2,37.0,76.8,48.1,6.7,18.0,37.0,21.5,27.9,76.9,9.6,32.5,42.1,20.0,13.9,6.6,5.2,3.0,20.4,21.8,102.1,7.5
82,35,47,42.7,48.4,34.3,79.8,43.0,5.9,17.2,34.2,17.4,22.9,75.7,10.5,30.2,40.8,18.8,13.5,7.5,4.9,4.8,20.5,20.7,91.9,-0.8
82,17,65,20.7,48.2,37.7,85.5,44.1,7.2,19.1,37.6,18.5,24.1,76.8,13.2,31.2,44.4,20.1,17.0,7.2,5.1,5.5,22.3,20.9,101.1,-6.6
82,24,58,29.3,48.8,35.6,81.0,44.0,5.6,16.3,34.3,17.4,22.9,75.9,11.1,29.8,40.8,21.0,14.0,5.6,4.7,4.6,22.0,20.0,94.2,-6.2
82,46,36,56.1,48.4,35.9,78.2,45.9,5.4,15.0,36.0,17.7,23.1,76.5,10.0,30.1,40.1,20.6,13.0,7.6,4.4,4.8,21.0,20.4,94.9,0.9
82,42,40,51.2,48.2,38.3,83.7,45.7,9.3,25.4,36.8,20.6,25.5,80.9,10.3,30.1,40.5,21.4,13.7,7.6,5.8,4.4,21.3,20.8,106.5,0.8
82,55,27,67.1,48.8,37.4,80.6,46.4,5.9,17.1,34.7,24.1,29.3,82.3,11.0,31.8,42.8,20.4,14.1,8.0,5.9,4.3,22.4,21.5,104.8,3.8
82,52,30,63.4,48.4,36.0,78.2,46.1,9.4,25.6,36.6,17.7,25.6,69.2,10.5,32.7,43.2,20.0,14.9,6.7,4.7,3.8,20.0,21.8,99.2,5.5
82,41,41,50.0,48.6,38.1,82.6,46.1,5.4,15.2,35.5,17.4,22.6,77.0,10.4,31.4,41.8,22.7,13.0,7.6,4.3,4.6,19.4,18.8,99.0,1.5
82,40,42,48.8,48.8,39.3,83.5,47.0,8.5,22.6,37.7,18.0,23.6,75.9,10.0,30.2,40.2,23.7,14.3,6.6,4.4,4.3,20.3,21.2,105.0,-0.9
82,48,34,58.5,48.3,36.0,80.5,44.7,6.3,18.3,34.5,18.0,22.4,80.4,12.1,27.2,39.3,21.2,13.0,8.0,4.4,4.1,19.3,21.3,96.3,1.5
82,24,58,29.3,48.4,38.2,85.1,44.9,5.2,15.6,33.5,17.7,24.2,73.4,13.1,30.8,43.9,20.4,16.1,7.4,4.8,5.7,22.0,21.0,99.4,-5.3
82,61,21,74.4,48.2,38.4,80.8,47.5,8.4,21.1,39.7,18.5,24.2,76.7,10.1,31.7,41.9,22.4,13.4,7.3,4.5,4.6,19.0,20.7,103.7,5.7
82,22,60,26.8,48.2,38.3,82.4,46.5,4.2,13.3,31.6,18.2,24.1,75.5,11.7,28.6,40.3,21.9,14.7,7.1,4.3,5.6,22.0,19.8,99.1,-6.3
82,39,43,47.6,48.5,37.4,80.4,46.5,5.3,15.3,34.6,19.4,25.1,77.1,11.0,28.5,39.5,23.4,14.3,7.7,5.9,5.0,22.7,22.0,99.4,-1.8
82,23,59,28.0,48.6,37.2,84.0,44.3,4.8,14.4,33.2,18.2,24.4,74.5,12.4,29.0,41.3,19.4,15.3,8.1,6.1,5.0,22.6,20.3,97.3,-7.4
66,40,26,60.6,49.0,36.8,81.0,45.4,7.5,20.2,37.0,15.5,21.0,74.0,9.9,31.3,41.2,22.4,14.0,8.1,4.6,4.7,17.8,19.1,96.6,3.4
66,39,27,59.1,48.3,35.5,77.1,46.0,5.5,15.0,36.7,15.4,19.8,77.8,7.7,31.1,38.8,23.6,14.8,7.5,5.5,4.6,19.9,18.4,91.8,2.5
66,7,59,10.6,48.2,33.2,80.2,41.4,4.0,13.5,29.5,16.5,22.2,74.6,10.3,28.7,39.0,20.1,14.5,6.0,5.5,5.7,18.9,20.3,87.0,-13.9
66,50,16,75.8,48.3,37.4,82.8,45.2,6.3,16.9,37.5,15.2,21.1,72.2,13.9,32.8,46.7,23.1,14.0,6.9,5.9,5.2,17.3,17.7,96.3,8.2
66,21,45,31.8,48.4,34.3,81.2,42.2,6.7,19.3,34.6,17.8,24.9,71.6,12.7,29.5,42.3,19.8,15.4,7.1,4.0,6.2,20.0,20.9,93.0,-7.2
66,36,30,54.5,48.7,36.3,82.0,44.3,7.5,22.2,33.9,15.6,20.2,77.1,10.1,32.7,42.8,20.9,14.0,8.6,5.1,4.0,18.6,18.4,95.8,1.0
66,38,28,57.6,48.6,39.0,81.9,47.6,6.6,19.9,33.2,19.6,26.7,73.5,11.2,31.9,43.1,24.0,15.4,8.2,5.0,6.7,19.7,22.0,104.1,2.9
66,25,41,37.9,48.4,34.7,79.3,43.8,4.8,13.9,34.6,16.6,22.1,75.2,11.7,28.5,40.3,18.7,15.7,7.0,4.2,5.3,19.6,19.4,90.9,-4.8
66,23,43,34.8,48.2,37.7,82.5,45.7,7.9,20.5,38.8,14.4,18.7,77.0,9.7,29.5,39.2,22.3,13.9,8.0,5.5,5.0,21.4,16.6,97.8,-3.4
66,34,32,51.5,48.7,37.7,84.0,44.9,7.2,20.2,35.9,15.4,19.7,78.2,11.7,30.5,42.2,21.3,14.5,7.5,4.8,5.2,20.4,18.4,98.1,0.2
66,42,24,63.6,48.5,35.7,81.4,43.8,5.9,16.1,36.8,20.4,26.1,78.2,12.5,31.4,43.9,18.6,14.0,7.9,5.4,6.0,21.7,21.6,97.7,3.3
66,40,26,60.6,48.4,37.0,81.3,45.5,7.8,21.8,35.7,15.8,23.3,68.0,12.1,29.4,41.6,21.0,13.3,8.4,4.8,4.5,21.2,21.2,97.5,2.6
66,41,25,62.1,48.7,36.8,80.6,45.7,5.5,16.8,32.6,18.2,24.1,75.6,12.1,34.1,46.2,22.5,15.1,5.9,5.3,4.6,16.8,20.2,97.3,1.4
66,41,25,62.1,48.3,36.7,82.2,44.7,4.2,12.9,32.6,17.3,22.8,75.9,12.6,29.5,42.0,19.5,14.5,9.6,5.2,5.5,19.9,19.3,95.0,2.0
66,46,20,69.7,48.6,37.1,79.0,46.9,5.6,15.6,35.9,18.8,24.2,77.5,10.4,31.2,41.6,20.0,15.2,8.9,5.4,4.2,19.4,20.5,98.5,6.0
66,31,35,47.0,48.1,37.9,85.6,44.3,6.6,19.2,34.5,16.6,21.4,77.4,12.4,30.0,42.5,23.5,14.1,8.3,5.1,4.5,19.3,19.4,99.0,0.3
66,26,40,39.4,48.3,35.7,82.3,43.3,7.2,21.6,33.2,19.4,25.2,77.1,12.1,31.7,43.7,19.5,15.2,6.6,4.4,5.7,18.4,21.7,97.9,-2.2
66,22,44,33.3,48.2,34.3,80.6,42.5,7.7,22.4,34.2,16.9,21.7,77.7,11.9,28.5,40.3,19.9,15.1,7.5,3.9,5.0,19.2,19.3,93.1,-6.0
66,21,45,31.8,48.3,34.8,77.3,45.1,3.9,11.8,33.3,16.0,21.2,75.7,11.0,30.2,41.1,20.7,15.5,7.4,4.8,5.8,20.1,18.7,89.6,-3.8
66,36,30,54.5,48.3,35.8,80.8,44.3,7.8,23.3,33.6,18.3,24.8,74.1,11.3,30.5,41.7,20.1,16.0,9.4,4.2,5.1,21.1,21.8,97.8,3.2
66,47,19,71.2,48.5,37.3,79.2,47.1,7.2,20.0,35.8,21.3,26.4,80.6,11.0,32.7,43.7,18.5,16.3,7.5,8.2,4.9,20.5,20.0,103.1,6.1
66,37,29,56.1,48.4,34.5,78.2,44.1,10.2,27.0,37.5,15.1,22.8,66.0,11.2,31.2,42.5,20.0,14.9,6.8,4.2,4.1,17.7,19.8,94.2,0.8
66,35,31,53.0,48.2,37.4,83.6,44.8,5.3,14.6,36.2,13.5,18.2,74.2,10.7,32.5,43.2,22.0,11.2,8.0,5.2,4.8,17.5,16.2,93.6,4.2
66,33,33,50.0,48.0,37.8,82.5,45.8,6.7,19.6,34.3,16.0,21.2,75.7,10.9,30.8,41.7,22.5,14.1,6.5,5.5,4.4,18.7,19.6,98.4,-0.2
66,28,38,42.4,48.4,36.4,82.1,44.3,7.2,20.9,34.6,17.2,21.6,79.6,11.1,29.5,40.7,20.4,14.2,8.0,4.9,4.8,19.0,19.8,97.2,-0.6
66,22,44,33.3,48.2,37.7,86.5,43.6,6.2,19.7,31.6,17.1,23.2,73.6,13.4,29.5,42.9,19.3,14.4,8.5,4.9,6.4,19.5,19.9,98.8,-5.7
66,50,16,75.8,48.3,39.6,82.8,47.8,8.4,21.3,39.3,16.2,21.6,74.8,10.3,32.6,43.0,23.2,13.6,7.4,4.4,5.0,17.3,18.8,103.7,7.2
66,23,43,34.8,48.4,34.4,78.1,44.0,5.5,16.3,34.0,16.4,21.4,77.0,10.6,31.4,42.0,20.9,15.2,6.5,4.9,4.9,23.2,18.4,90.7,-3.3
66,36,30,54.5,49.0,38.2,83.8,45.6,4.1,12.8,32.3,19.1,25.3,75.4,13.0,31.1,44.2,21.8,14.2,8.3,5.8,5.7,21.8,20.7,99.7,0.6
66,20,46,30.3,48.1,36.6,83.0,44.1,5.2,16.3,32.0,15.3,21.0,72.7,11.7,29.9,41.7,19.1,15.3,8.0,6.3,4.5,21.3,18.7,93.6,-4.8
82,44,38,53.7,48.4,37.6,81.0,46.4,8.6,23.2,37.1,14.1,19.7,71.5,9.2,31.6,40.9,24.5,14.9,8.1,4.5,4.3,18.0,18.8,98.0,0.4
81,41,40,50.6,49.0,37.0,79.7,46.5,6.1,17.2,35.8,16.3,21.0,77.6,8.1,31.3,39.3,22.8,14.6,8.2,4.5,4.7,21.2,19.4,96.5,-0.2
82,49,33,59.8,48.4,35.9,79.8,45.0,7.7,21.5,35.7,17.5,23.9,73.1,12.8,30.0,42.8,20.3,14.7,7.3,4.8,4.8,18.3,21.4,96.9,1.8
82,21,61,25.6,48.3,34.4,81.1,42.5,5.7,17.1,33.5,18.9,25.1,75.0,11.2,29.1,40.3,19.4,14.1,7.2,5.8,6.9,19.0,21.3,93.4,-9.2
82,45,37,54.9,48.4,35.7,81.7,43.7,5.4,15.4,35.3,16.4,21.2,77.3,12.5,30.7,43.2,23.0,14.3,7.2,5.1,5.8,19.7,19.6,93.2,0.3
82,24,58,29.3,48.1,36.5,84.2,43.4,6.7,19.3,34.6,16.8,22.3,75.6,12.2,28.8,41.0,20.7,14.0,7.9,4.1,6.8,21.2,19.7,96.5,-4.7
82,41,41,50.0,48.7,38.8,84.0,46.2,7.4,19.9,37.2,16.1,20.4,79.3,9.4,32.6,41.9,23.2,14.0,7.9,5.5,4.1,20.7,18.9,101.1,-0.6
82,57,25,69.5,48.5,40.7,85.2,47.8,6.4,18.5,34.3,18.4,26.2,70.1,13.3,31.7,45.0,24.4,15.3,9.3,6.5,6.8,20.5,21.6,106.1,5.1
82,29,53,35.4,48.3,36.3,81.0,44.9,6.3,17.6,35.6,15.9,22.8,69.9,12.1,30.0,42.1,21.2,15.1,7.0,4.9,5.8,19.8,19.9,94.9,-4.0
82,47,35,57.3,48.3,38.2,83.4,45.8,8.0,19.9,40.3,16.8,21.3,79.0,10.8,34.2,45.0,22.5,15.1,6.9,4.2,4.9,21.4,19.2,101.2,0.9
82,45,37,54.9,48.2,38.1,82.7,46.1,10.6,28.9,36.6,19.2,25.5,75.4,11.1,32.3,43.4,23.2,16.4,8.3,4.4,6.1,20.3,20.4,106.0,3.5
81,49,32,60.5,48.4,35.1,80.6,43.6,6.9,19.7,34.7,17.6,23.6,74.6,12.9,33.0,45.9,20.3,15.1,7.2,6.3,5.7,20.0,21.9,94.7,4.0
82,56,26,68.3,48.1,38.5,80.6,47.8,7.6,21.4,35.8,16.4,23.0,71.1,11.4,30.2,41.6,23.9,14.6,9.6,5.6,4.1,20.9,20.9,101.1,6.5
82,45,37,54.9,48.2,37.1,81.0,45.8,8.7,24.6,35.5,19.3,27.9,69.2,11.5,33.3,44.8,22.2,15.0,7.0,5.2,4.8,17.9,23.1,102.2,1.2
82,56,26,68.3,48.3,36.1,81.5,44.4,4.7,13.5,34.5,16.5,21.3,77.3,12.9,29.8,42.7,20.9,14.0,8.6,5.3,5.5,20.2,20.0,93.4,4.1
82,66,16,80.5,48.5,38.4,77.4,49.6,8.7,22.1,39.6,17.4,23.0,75.4,8.2,30.4,38.6,23.0,13.9,8.7,5.4,3.2,18.7,20.4,102.9,7.9
82,38,44,46.3,48.4,38.1,87.8,43.5,7.3,20.4,36.0,15.3,20.7,73.6,13.0,30.9,44.0,22.9,14.1,8.4,6.7,4.4,19.0,19.1,98.9,-1.5
82,31,51,37.8,48.1,35.9,81.7,43.9,5.5,18.0,30.5,18.5,24.9,74.2,11.9,30.2,42.0,22.4,14.8,8.5,4.7,5.9,18.4,22.5,95.7,-2.4
82,27,55,32.9,48.2,36.0,80.4,44.8,6.5,18.0,36.3,15.5,20.0,77.6,12.0,29.6,41.6,21.0,14.5,6.3,5.4,6.0,20.4,18.7,94.1,-3.9
82,54,28,65.9,48.1,36.5,81.6,44.8,10.9,28.9,37.6,16.0,21.1,75.9,10.9,29.7,40.6,19.3,12.0,8.2,3.6,4.0,20.1,19.2,100.0,4.2
82,60,22,73.2,48.4,38.1,79.3,48.1,7.3,19.4,37.7,22.2,26.8,82.8,10.4,33.2,43.6,21.4,15.3,8.3,7.6,3.9,20.2,20.7,105.7,9.2
82,20,62,24.4,48.2,37.7,84.2,44.8,6.2,18.7,32.9,12.5,16.6,75.5,10.9,31.9,42.7,22.8,14.5,6.4,4.4,5.2,19.4,16.5,94.1,-7.0
82,34,48,41.5,48.2,37.3,84.1,44.4,6.3,17.5,36.0,12.2,16.8,72.9,10.9,30.4,41.3,22.8,13.0,7.4,4.7,4.8,18.4,16.2,93.2,-3.3
82,25,57,30.5,48.3,37.3,84.4,44.3,5.9,17.7,33.0,14.7,19.7,74.4,11.7,29.9,41.6,22.6,15.6,8.0,5.3,5.1,20.6,18.4,95.2,-6.5
82,33,49,40.2,48.4,36.7,81.9,44.8,8.2,23.2,35.3,15.9,20.5,77.6,10.7,30.2,40.8,21.8,14.7,6.6,4.3,4.4,18.5,18.7,97.5,-3.2
82,28,54,34.1,48.4,37.6,84.2,44.7,7.4,20.5,36.3,17.5,22.8,76.9,11.5,29.1,40.6,20.8,14.6,8.2,4.2,6.3,20.9,20.0,100.2,-4.9
82,58,24,70.7,48.5,39.1,81.4,48.1,8.1,21.5,37.6,16.6,21.0,79.1,8.1,33.2,41.3,25.1,14.7,8.5,5.4,4.9,17.4,19.1,103.0,6.4
82,34,48,41.5,48.7,36.3,81.5,44.6,7.0,20.3,34.3,17.6,22.3,78.8,10.6,29.6,40.2,21.5,13.7,7.3,4.8,4.7,22.4,20.1,97.2,-1.5
82,43,39,52.4,48.5,37.1,81.8,45.4,6.2,16.9,36.6,17.5,23.0,76.4,12.1,30.0,42.0,22.7,14.8,8.4,6.3,5.9,21.3,20.4,98.0,-0.1
82,29,53,35.4,48.4,35.5,81.6,43.5,6.6,18.2,36.5,15.6,21.3,73.3,10.8,32.3,43.2,21.6,15.1,7.3,4.6,4.4,20.5,19.1,93.2,-2.5
82,38,44,46.3,48.4,37.3,81.6,45.8,9.4,25.8,36.3,17.0,21.7,78.1,8.7,31.3,40.0,24.9,15.3,8.3,4.0,4.3,19.2,20.0,101.0,-0.5
82,25,57,30.5,48.1,36.5,83.9,43.5,7.0,21.1,33.3,16.2,20.8,77.7,12.0,30.5,42.5,21.0,15.4,7.1,4.2,4.5,21.3,19.1,96.2,-4.5
82,44,38,53.7,48.5,35.7,77.9,45.9,8.6,23.4,36.9,18.4,24.4,75.3,8.8,29.4,38.1,20.9,14.5,8.6,3.8,4.1,21.7,20.8,98.5,-1.0
82,43,39,52.4,48.5,36.3,82.1,44.2,6.3,17.9,35.1,18.0,24.4,73.7,9.5,33.2,42.7,21.7,12.3,6.1,5.1,5.1,18.2,20.9,96.9,-0.2
82,48,34,58.5,48.6,34.7,80.2,43.2,6.2,17.8,34.8,18.1,23.3,77.9,11.4,32.7,44.1,22.7,14.9,7.2,5.2,6.0,19.1,20.9,93.7,1.9
82,33,49,40.2,48.6,37.0,84.8,43.7,7.1,20.0,35.6,17.0,22.7,75.1,12.1,32.1,44.1,21.2,14.2,7.1,3.7,5.6,20.0,19.5,98.2,-3.3
82,49,33,59.8,48.4,39.6,83.6,47.4,8.8,22.9,38.4,16.8,21.1,79.5,10.2,30.7,40.9,23.6,13.5,8.6,4.3,3.5,20.0,19.9,104.8,2.4
82,36,46,43.9,48.2,38.4,85.9,44.7,8.6,23.9,35.8,19.1,26.3,72.6,12.3,33.1,45.4,22.4,15.9,7.5,5.6,5.6,23.0,21.7,104.4,-2.1
82,29,53,35.4,48.2,38.8,86.9,44.7,6.2,19.3,32.1,17.3,25.7,67.0,14.6,30.8,45.4,20.9,14.5,8.4,4.8,4.9,20.3,20.7,101.0,-3.7
82,51,31,62.2,48.4,39.5,85.4,46.2,9.4,24.8,38.0,15.9,21.1,75.3,10.9,34.4,45.3,23.3,15.2,7.8,5.0,4.2,21.8,19.3,104.3,4.8
82,54,28,65.9,48.4,38.0,80.5,47.2,9.5,26.6,35.8,22.1,31.1,71.2,11.2,34.1,45.3,21.4,16.1,7.6,5.6,5.6,20.4,24.3,107.7,4.6
82,56,26,68.3,48.2,36.0,80.2,44.9,6.7,18.8,35.7,18.1,23.3,77.9,10.2,34.5,44.7,20.1,15.1,6.7,5.4,4.6,20.4,21.9,96.7,4.4
82,57,25,69.5,48.2,39.1,82.5,47.4,8.5,24.0,35.2,21.2,29.1,73.0,10.5,32.5,43.0,24.6,13.9,8.6,4.8,3.5,21.5,23.4,107.9,7.0
82,27,55,32.9,48.1,38.3,85.1,45.0,9.4,24.8,38.1,17.0,22.4,75.7,9.1,32.0,41.0,24.5,15.1,7.5,5.4,4.7,19.8,19.3,103.0,-6.3
82,50,32,61.0,48.3,38.1,82.0,46.4,4.9,14.0,35.3,15.1,20.3,74.1,11.6,30.8,42.4,21.9,13.7,7.7,4.6,5.0,19.1,18.9,96.1,1.6
82,54,28,65.9,48.5,38.3,76.5,50.1,8.1,22.3,36.4,17.5,23.0,76.0,7.6,29.2,36.9,22.5,14.8,8.9,4.5,3.1,19.5,20.4,102.2,4.8
82,15,67,18.3,48.5,36.0,82.2,43.8,6.7,18.9,35.3,16.8,22.5,74.7,11.8,29.3,41.1,21.5,15.1,6.6,4.9,5.0,20.9,20.6,95.5,-8.2
82,40,42,48.8,48.4,38.9,87.5,44.4,7.3,21.4,34.1,21.8,28.1,77.8,12.5,32.2,44.7,23.9,13.9,8.8,3.6,5.6,18.3,23.6,106.9,2.7
82,34,48,41.5,48.4,37.8,82.5,45.9,5.9,15.9,37.3,18.2,23.6,76.9,11.4,30.3,41.7,21.3,13.8,7.9,6.4,6.1,22.6,20.3,99.7,-2.7
82,37,45,45.1,48.4,36.9,82.2,44.9,9.3,24.9,37.2,15.5,20.4,76.1,10.6,29.7,40.3,20.0,13.0,7.7,4.5,3.4,22.1,19.6,98.6,-0.8
82,59,23,72.0,48.3,39.0,82.7,47.1,8.1,22.4,36.1,20.2,25.0,80.6,10.8,33.9,44.7,21.9,15.3,8.3,6.1,3.6,22.7,20.4,106.2,6.3
82,23,59,28.0,48.7,36.9,82.7,44.5,6.9,19.5,35.3,15.9,20.9,76.3,9.7,32.4,42.0,21.0,14.9,7.7,4.3,5.4,20.5,18.3,96.5,-5.4
82,19,63,23.2,48.4,37.9,87.2,43.5,7.0,22.5,31.2,16.6,23.4,71.0,11.6,31.2,42.7,21.8,16.9,9.3,4.0,6.8,22.5,20.6,99.5,-10.5
82,48,34,58.5,48.2,38.7,83.5,46.3,9.3,25.1,37.2,18.5,24.4,75.8,11.3,31.7,43.0,19.1,15.3,8.4,4.6,4.0,21.9,21.3,105.2,2.6
82,54,28,65.9,48.4,39.1,87.0,45.0,9.4,25.3,37.2,19.1,23.5,81.5,12.5,34.0,46.4,23.2,13.7,5.5,4.7,3.7,19.2,20.7,106.7,4.0
82,28,54,34.1,48.4,36.9,82.5,44.7,6.0,18.0,33.3,20.7,27.3,75.9,12.1,32.4,44.5,18.9,15.2,7.2,3.9,5.6,22.5,23.1,100.5,-2.9
82,62,20,75.6,48.2,40.6,83.5,48.6,8.5,21.4,39.7,15.7,20.0,78.5,9.3,34.0,43.3,25.2,14.4,7.4,5.1,4.6,18.2,19.3,105.4,7.7
82,48,34,58.5,48.7,36.5,81.9,44.5,8.7,23.4,37.2,19.6,25.1,78.2,11.4,31.1,42.5,21.2,14.1,7.0,4.2,4.3,23.0,22.1,101.3,3.2
82,25,57,30.5,48.2,36.0,81.1,44.4,6.6,19.2,34.4,16.4,22.0,74.7,11.0,30.2,41.2,20.3,14.6,7.0,4.5,4.9,20.7,20.4,95.0,-7.2
82,44,38,53.7,48.9,38.7,84.4,45.9,7.9,20.8,38.0,15.3,20.9,73.1,10.8,31.4,42.2,23.3,14.7,8.1,4.6,3.9,20.4,19.5,100.7,1.3
82,60,22,73.2,48.1,38.1,81.7,46.6,10.0,26.2,38.0,16.5,21.2,77.8,8.7,31.8,40.6,25.7,14.2,9.1,4.6,4.9,17.8,19.6,102.5,5.4
82,40,42,48.8,48.5,38.9,87.9,44.3,8.0,24.6,32.7,15.4,20.5,75.4,11.1,32.7,43.8,24.5,13.8,8.2,3.6,5.3,21.2,18.8,101.4,0.2
82,38,44,46.3,48.6,37.4,83.0,45.1,6.6,19.9,33.1,16.6,22.2,74.8,10.3,32.0,42.4,20.9,13.8,7.0,4.1,4.5,19.3,20.0,98.0,-2.9
82,33,49,40.2,48.5,35.5,84.5,42.0,6.1,19.1,31.8,17.0,22.8,74.8,10.0,34.1,44.1,20.2,11.9,6.1,5.5,5.4,18.2,20.8,94.2,-3.2
82,50,32,61.0,48.5,36.6,82.9,44.2,7.9,22.3,35.3,19.7,25.2,78.3,11.7,34.0,45.7,21.7,14.0,6.3,5.8,5.4,18.2,21.2,100.8,3.0
82,53,29,64.6,48.2,37.7,82.2,45.8,10.1,27.5,36.7,17.7,23.6,75.1,11.1,31.9,43.0,22.1,14.3,7.4,4.1,4.5,18.4,20.5,103.1,4.5
82,50,32,61.0,48.5,39.7,85.8,46.3,8.9,25.4,35.2,16.9,22.5,75.2,10.5,31.8,42.3,22.5,13.0,8.1,4.5,3.8,20.0,22.1,105.2,2.9
82,30,52,36.6,48.5,37.8,87.3,43.3,8.0,24.8,32.5,17.8,24.3,73.4,12.3,32.4,44.7,21.8,14.2,7.8,4.5,6.1,23.0,20.7,101.5,-3.5
82,32,50,39.0,48.4,37.1,85.8,43.2,8.6,24.9,34.4,15.8,22.4,70.3,12.8,32.1,44.9,21.6,13.4,7.6,4.7,4.8,19.0,19.3,98.5,-1.0
82,67,15,81.7,48.1,41.6,87.0,47.8,10.8,27.0,39.8,16.0,20.8,76.8,10.4,34.3,44.7,27.4,14.5,9.3,6.0,3.6,19.9,18.8,110.0,10.1
82,56,26,68.3,48.3,37.0,83.3,44.4,11.4,32.7,34.8,18.6,26.0,71.5,11.7,32.0,43.7,22.2,16.7,9.5,5.0,5.3,22.0,21.1,103.9,3.4
82,38,44,46.3,48.4,36.6,83.2,43.9,7.5,21.2,35.2,16.7,22.2,75.6,10.4,34.4,44.9,21.4,14.0,6.2,4.6,4.7,21.2,21.4,97.3,0.3
82,56,26,68.3,48.1,39.4,83.3,47.3,10.1,26.9,37.6,17.9,25.2,71.0,9.6,33.1,42.6,24.8,12.3,7.8,5.0,3.0,21.3,21.5,106.7,6.6
82,21,61,25.6,48.6,37.2,85.6,43.5,6.5,18.9,34.4,17.5,23.6,74.1,11.6,32.3,43.9,20.9,13.2,7.0,4.5,4.8,21.2,19.4,98.5,-6.8
82,55,27,67.1,48.5,37.8,82.5,45.8,5.2,15.2,33.9,17.6,22.8,77.3,10.4,32.1,42.6,21.7,13.3,8.5,4.2,5.2,19.1,20.3,98.3,3.2
82,37,45,45.1,48.1,35.2,77.2,45.6,6.8,20.2,33.5,17.5,23.7,74.1,9.1,30.0,39.1,19.8,14.8,7.8,4.5,4.4,20.0,20.9,94.7,-2.6
82,41,41,50.0,48.6,37.6,82.0,45.9,6.6,18.3,36.3,16.0,21.1,75.7,10.7,31.4,42.1,23.6,16.7,9.6,4.9,4.8,22.1,20.1,97.8,0.4
82,16,66,19.5,48.3,36.4,83.2,43.8,5.0,14.9,33.2,20.0,25.7,77.6,11.6,29.3,40.9,21.6,15.0,8.1,4.0,5.5,19.2,21.4,97.8,-8.8
82,45,37,54.9,48.2,37.9,82.9,45.7,7.1,19.3,37.0,16.4,21.8,75.1,11.5,32.0,43.5,22.0,13.3,6.7,6.2,5.8,18.7,18.7,99.4,0.8
82,17,65,20.7,48.4,35.1,82.0,42.8,6.8,19.7,34.7,14.8,19.2,76.9,10.6,29.8,40.4,21.3,14.7,7.0,4.7,4.3,21.6,19.1,91.9,-9.3
82,45,37,54.9,48.4,38.8,86.8,44.7,7.7,22.7,33.9,18.6,24.6,75.4,12.8,34.7,47.5,20.5,14.7,7.3,5.5,4.6,22.3,20.4,104.0,2.2
82,25,57,30.5,48.2,37.5,82.8,45.3,6.8,19.5,34.7,13.9,19.1,72.9,10.0,31.8,41.8,20.6,14.9,7.9,3.8,5.4,20.9,17.9,95.7,-5.7
82,18,64,22.0,48.3,33.7,82.6,40.8,8.4,26.3,32.0,16.1,23.8,67.6,11.9,30.9,42.9,20.5,17.7,9.6,5.9,5.5,21.7,20.2,92.0,-9.0
82,39,43,47.6,48.5,38.8,85.8,45.2,8.5,25.0,34.1,16.4,21.5,76.0,10.9,32.2,43.2,20.2,15.1,8.5,4.7,4.1,21.3,20.3,102.4,-0.9
82,51,31,62.2,48.4,38.7,86.0,45.0,9.8,27.2,36.2,15.5,19.4,80.1,10.7,35.1,45.9,21.9,13.6,6.4,4.5,3.6,18.2,18.7,102.8,4.2
82,29,53,35.4,48.4,36.7,80.7,45.5,5.6,16.5,34.1,22.3,29.3,76.2,10.9,33.3,44.2,20.3,16.3,6.7,4.0,6.2,20.7,23.9,101.3,-3.7
82,55,27,67.1,48.7,39.1,83.6,46.8,8.3,22.5,36.7,16.7,21.4,78.0,9.8,33.8,43.6,24.4,14.0,8.0,5.4,4.4,19.1,19.7,103.2,6.2
82,49,33,59.8,48.4,37.9,83.3,45.5,8.9,25.1,35.2,19.3,24.6,78.7,10.7,30.8,41.5,20.7,12.9,7.5,4.4,5.0,20.9,20.3,104.0,3.1
82,38,44,46.3,48.1,35.4,79.2,44.7,7.4,21.7,34.3,17.0,23.5,72.1,12.0,31.9,44.0,19.9,15.3,7.6,6.0,4.7,19.3,19.6,95.1,0.2
82,46,36,56.1,48.7,38.3,82.8,46.2,6.1,16.8,36.0,15.9,21.4,74.2,10.5,34.2,44.7,24.0,15.0,7.3,4.6,4.3,20.8,19.6,98.5,0.7
82,48,34,58.5,48.4,38.6,84.4,45.8,9.9,28.4,35.0,15.6,20.0,78.3,8.3,33.8,42.1,25.6,15.0,9.1,5.9,5.0,19.1,18.3,102.8,3.6
82,48,34,58.5,48.2,39.2,89.2,43.9,8.7,26.1,33.5,18.5,23.5,78.8,11.6,33.3,44.9,24.2,13.7,9.2,4.2,5.5,21.9,21.0,105.7,3.2
82,21,61,25.6,48.2,38.2,84.4,45.3,6.5,18.4,35.2,15.7,20.7,75.7,10.5,31.9,42.4,22.3,14.8,7.6,4.0,5.2,18.0,18.4,98.6,-7.4
82,48,34,58.5,48.4,37.0,84.4,43.9,10.6,29.4,36.2,18.7,23.7,79.0,9.0,35.0,43.9,21.7,12.5,7.3,5.3,5.5,18.1,20.4,103.4,2.7
82,42,40,51.2,48.5,38.6,87.4,44.1,7.9,21.4,37.1,16.5,21.0,78.7,11.1,35.2,46.3,22.8,13.9,6.0,5.7,5.7,18.8,18.7,101.6,-1.5
82,57,25,69.5,48.4,38.7,84.0,46.0,10.7,29.6,36.2,16.3,21.7,74.8,10.6,33.9,44.5,22.7,13.6,6.7,3.9,4.4,20.3,20.6,104.3,6.0
82,42,40,51.2,48.8,37.4,84.1,44.4,9.8,28.6,34.4,17.7,22.3,79.4,9.2,33.9,43.1,22.1,12.8,6.8,3.7,4.4,19.5,21.4,102.3,-0.3
82,33,49,40.2,48.4,37.7,85.4,44.2,8.0,23.7,33.8,18.5,24.1,76.6,11.5,33.1,44.6,22.7,14.7,7.4,4.8,6.3,21.0,20.9,101.9,-3.1
82,44,38,53.7,48.5,37.9,86.4,43.9,9.0,26.2,34.5,17.1,25.5,66.8,12.5,33.9,46.3,19.4,13.5,7.0,3.7,4.5,19.0,21.6,102.0,0.6
82,73,9,89.0,48.5,42.5,87.3,48.7,13.1,31.6,41.6,16.7,21.8,76.3,10.0,36.2,46.2,28.9,15.2,8.4,6.1,4.1,20.7,19.8,114.9,10.8
82,41,41,50.0,48.4,37.7,83.5,45.2,10.7,30.9,34.7,20.4,29.4,69.4,11.3,31.7,43.1,22.2,15.9,10.0,5.2,4.9,21.8,22.5,106.5,0.2
82,45,37,54.9,48.5,38.3,85.2,45.0,8.1,23.0,35.1,17.4,22.8,76.4,10.3,33.9,44.2,21.2,14.9,9.0,4.8,4.5,20.0,20.4,102.2,1.7
82,53,29,64.6,48.4,38.3,82.4,46.5,9.7,26.7,36.4,18.2,26.2,69.2,8.8,33.3,42.0,22.8,13.0,8.6,5.6,3.2,21.3,22.5,104.5,4.3
82,17,65,20.7,48.1,35.1,84.8,41.4,7.8,24.6,31.7,19.3,24.7,78.1,10.7,32.3,43.0,18.0,13.7,7.2,4.1,5.6,20.3,19.2,97.3,-9.6
82,42,40,51.2,48.4,36.8,83.6,44.0,6.1,18.5,33.1,19.3,24.7,78.3,11.2,30.5,41.6,20.7,13.3,8.8,4.3,5.7,21.7,21.1,99.1,-2.2
82,48,34,58.5,48.4,38.4,81.7,47.0,6.1,18.0,33.6,17.1,23.0,74.5,9.8,34.3,44.1,20.8,14.1,6.7,6.5,4.1,18.3,19.6,100.0,1.6
82,33,49,40.2,48.4,38.4,82.2,46.7,5.4,15.6,34.5,17.0,22.7,74.8,10.5,31.2,41.7,23.1,15.2,8.2,5.8,5.6,20.7,19.5,99.0,-4.2
82,29,53,35.4,48.5,37.7,81.3,46.4,5.5,16.4,33.8,21.4,27.0,79.2,10.0,31.5,41.6,23.4,15.0,8.0,4.6,5.2,20.7,21.6,102.4,-3.5
82,30,52,36.6,48.2,38.5,85.9,44.8,8.6,23.8,36.0,17.3,22.2,77.6,9.5,33.1,42.6,22.2,13.4,7.7,4.2,5.2,20.9,19.9,102.7,-3.8
82,32,50,39.0,48.3,36.9,84.0,43.9,7.4,21.5,34.6,17.2,21.4,80.5,10.4,34.0,44.4,20.5,13.4,5.7,5.7,4.2,19.7,18.5,98.4,-2.7
82,55,27,67.1,48.4,41.1,86.4,47.6,8.3,23.7,34.9,19.7,25.2,78.2,13.1,35.6,48.6,23.0,15.9,7.4,5.9,4.5,20.6,20.2,110.2,7.3
82,35,47,42.7,48.5,39.5,86.8,45.5,7.8,22.2,35.0,15.2,20.1,75.7,10.3,33.0,43.3,23.6,14.1,8.2,5.1,5.5,20.7,18.3,102.1,-1.6
82,10,72,12.2,48.3,36.2,84.0,43.1,9.3,27.5,33.9,15.7,22.6,69.4,9.5,31.8,41.2,21.5,16.4,8.3,6.0,5.7,21.7,19.2,97.4,-10.2
82,23,59,28.0,48.1,37.2,85.6,43.5,9.0,25.8,34.8,17.5,23.2,75.1,11.5,33.3,44.8,20.7,17.2,7.7,3.8,5.5,22.7,21.6,100.9,-6.7
82,44,38,53.7,48.3,38.6,85.9,45.0,10.5,28.5,37.0,17.4,23.0,75.4,11.6,33.9,45.5,21.3,14.6,6.9,4.6,5.2,21.7,19.5,105.1,0.8
82,33,49,40.2,48.3,40.0,86.4,46.4,8.0,22.4,35.9,18.5,25.5,72.5,10.6,33.7,44.2,24.5,16.2,8.9,4.5,5.3,20.4,22.0,106.6,-2.5
82,67,15,81.7,48.1,40.1,82.9,48.4,7.0,18.5,37.5,16.4,20.4,80.3,9.4,34.5,43.9,24.5,13.1,8.3,5.9,3.9,17.5,19.5,103.5,10.6
82,56,26,68.3,48.2,36.7,81.3,45.1,8.6,23.3,37.0,20.8,26.7,77.7,10.2,33.2,43.4,18.7,13.1,7.8,5.5,5.4,19.6,22.0,102.7,4.5
82,40,42,48.8,48.7,36.1,80.4,44.9,8.5,23.9,35.5,17.1,23.0,74.4,10.7,32.5,43.2,19.0,14.9,7.7,5.2,4.7,20.2,19.9,97.7,1.8
82,41,41,50.0,48.2,39.5,85.8,46.0,8.6,24.2,35.8,16.5,22.5,73.0,9.1,32.8,41.8,24.5,14.5,8.6,3.9,4.3,20.8,20.1,104.1,-0.5
